Coord1,Coord2,Coord3,Dist1,Coord4,Coord5,Coord6,Dist2
2.2838612,2.2541785,-0.71000874,9.03101,1.6555467,0.023150213,-0.07935417,11.797502
0.08411542,2.7423708,0.37006828,10.56235,1.0696783,1.3968449,0.47135153,12.508112
-1.5204729,0.5193128,-2.3966525,9.832118,-0.5441534,-1.6633154,-2.1021893,12.155135
0.42147088,3.6836405,-1.712414,9.069345,2.689858,2.1120026,-0.5928585,12.155737
0.06682721,2.7608635,0.73020494,10.207271,1.9751431,-0.9030513,1.6961325,8.322444
-3.7750456,6.9629564,-0.74557304,4.9234934,3.9304285,1.4847393,0.30124673,12.349905
-4.216922,0.18621518,-2.1492555,9.676428,-0.5864475,-1.1629654,-0.5449571,11.506087
-4.429535,4.409634,-0.9850878,8.041163,0.5613555,-1.027169,-1.7542287,12.570425
3.1899145,1.1083642,-0.35876638,8.534402,3.3040638,0.45145753,-0.6631507,11.65023
-1.0048138,-0.072994106,-2.7715383,8.821027,0.60197395,-1.7202227,-1.5429977,11.052072
-0.3799993,1.2628882,-0.15465839,8.025712,-1.788203,-1.0546749,-2.8731909,12.5135
-5.2657714,3.5453846,0.97394973,6.9443073,2.1607993,2.5475128,-1.5009477,12.734253
-3.4022465,5.4040723,-1.6874293,6.9562745,2.026683,4.5434237,-1.464783,13.810612
-3.5990856,1.8591775,-0.8085145,10.764947,-1.869217,1.2481567,0.01635009,11.525773
3.300111,4.2367826,-1.4504137,8.612043,1.3804884,-0.2771635,-1.54144,11.522111
4.196164,-0.33422256,0.7554672,11.276291,2.6468973,-1.0517312,-0.28055573,12.1676
-0.09033085,-1.6776448,-1.7152085,8.199716,3.8985538,-0.103665136,0.38845062,10.980028
0.4069918,1.3209195,-3.8351467,7.4423485,3.316554,-2.7821233,-3.069235,12.485572
-6.405326,9.760585,0.10593472,7.2730775,2.370837,1.9457202,0.48201492,14.037491
1.680122,-1.145955,-3.22935,10.013369,3.0755727,-0.83697206,-1.8277686,10.759912
3.287823,2.1598947,-1.9424214,9.405324,2.79327,-0.01660303,-0.13683286,12.005991
-4.8878474,7.038231,-0.9335103,7.5022564,1.9184439,-0.1495254,-2.654531,15.856395
0.5898052,-0.36240184,0.28618568,10.557713,0.8930306,-0.6012118,0.055688508,11.797003
0.841386,6.3613935,-7.979084,4.428954,3.851214,-1.9462303,-6.172689,14.216166
-2.8674698,4.346037,2.1522496,9.916417,2.7716103,2.995734,0.9403556,13.631558
-0.32511,-1.5472634,-2.5638578,7.328685,1.0948721,0.67220765,-2.5823245,7.7931395
0.7229788,2.576664,1.8190255,11.511622,1.8195633,1.6449507,0.972617,9.728923
1.6292584,1.6793675,-0.7154407,8.540173,4.0691066,0.19748333,0.934813,12.638773
0.35839376,1.112974,-5.72526,8.367874,-0.6834687,-0.20412807,-1.7984549,8.893495
-3.8208897,2.8975093,-0.03287114,10.0594,-1.08593,-0.4486675,-0.37723592,9.437712
3.1569479,2.869771,-0.05205725,9.406064,5.198135,1.2556065,-0.62401885,11.694873
2.9211981,-1.2409408,-0.28178176,9.802357,3.5785193,-0.5050268,-0.2741636,11.316466
-0.024162685,6.1985397,-0.08632994,8.535413,2.6629453,2.2430115,-1.472731,14.774078
0.32309973,3.2156818,-3.3946543,10.151372,2.2823412,-0.9647439,-4.7212906,13.937298
-3.9206693,2.7759778,-4.466677,6.4082665,0.43210563,-0.38365507,0.17176805,10.058016
2.2522686,0.49355927,-0.074440464,10.4029255,2.3272228,-0.07882067,0.27707577,10.79064
-0.07826626,-1.1365267,-3.285533,9.325442,1.8160654,0.67113656,-2.051685,10.6852865
2.5924711,1.7279553,-0.09854472,8.874319,3.2881565,-2.0008967,-1.9204469,12.667033
-2.2573166,-3.2114503,0.51239216,9.865834,2.3270383,-2.4648569,1.2556529,10.322074
0.16183485,7.1827173,-0.12136971,6.7683077,3.8818955,0.7963307,-0.5283878,15.298551
2.116256,3.2059069,1.485618,8.407284,3.254399,0.7701817,0.89752233,9.619141
-3.1417933,1.800324,2.8312597,10.126036,1.2009711,-1.1592908,1.7359055,12.707164
-1.6038958,-0.066822425,2.055133,10.134147,-0.46077722,-0.094629295,2.1789274,8.831874
-1.8904053,2.13666,-4.9231596,7.189335,-3.4661653,-3.6592848,-4.542575,13.463329
-2.9439974,3.4246938,-3.0158226,8.533304,2.45467,1.1610032,-2.0856533,11.303106
-5.1132646,-0.9924914,-1.809972,9.93746,-3.2645762,-0.7007051,-1.0070927,8.999158
2.8921423,4.0581255,1.9524506,8.241611,3.0753398,0.25381112,-0.00343362,11.421297
0.43889362,1.7747673,-2.1581714,10.198154,-1.6311086,1.5402576,-1.7017959,9.593327
1.3931701,3.2931557,-2.772531,8.905596,0.9725776,-1.5074964,-2.5777557,11.95705
-2.0157168,1.5499337,-4.5175157,8.686748,-0.8291322,-0.8122191,-1.9493407,10.264022
-0.55742437,1.2141614,-2.8870451,9.810271,3.8872156,-1.0876966,-3.013324,11.378837
-0.33548662,0.8721853,1.2286334,10.3365,1.3700355,1.2415907,1.1318809,12.280775
-6.7130585,9.709589,0.77883875,7.073449,1.9486362,0.47258934,-2.7009177,14.605725
-2.5784662,5.8177576,-2.5072865,7.560828,3.4755027,2.7261858,-2.2243662,13.0527315
-3.464276,0.96919906,-0.7537696,8.840389,-1.3960546,-3.9916136,-1.3352021,12.350043
0.120194785,3.3747191,-2.311782,9.376745,2.994002,-0.8021692,-1.8020319,12.865895
0.10305394,3.9365602,0.92197216,8.742915,4.662749,0.2029044,-0.017000224,13.7684965
1.5708709,-0.76644886,-2.7883618,7.713072,0.2717587,-4.2517505,-0.7009887,10.788936
-1.3120838,-1.6394478,-0.86590654,8.542253,1.2304198,-0.71824014,-0.7316482,11.59266
0.91923225,0.44887105,1.1853104,10.691593,1.536518,-0.18616097,0.9307515,11.780445
-0.71136254,1.0313301,-3.8996227,10.619993,-0.9193107,0.5128884,-1.8938096,10.326664
1.7539619,-0.9189652,-3.630409,8.234096,1.1250553,-3.437705,-1.8457551,11.964078
-1.8042554,7.364136,0.319805,7.2854247,3.3989887,2.7705014,-0.18958466,15.349644
1.4602896,4.169797,-0.83424133,9.033871,4.127293,0.92961204,-0.7564034,14.489368
-0.6391619,4.5267925,0.7371414,9.024978,2.316765,3.3693197,0.4631114,12.746871
3.177182,0.70369405,0.1370917,10.97269,1.8770982,0.92212325,1.0454704,9.997582
-2.7871103,4.0000315,-1.055244,7.486005,-0.46213663,-0.080824494,-1.2782205,14.005314
-0.045595236,5.0320644,-0.63060975,6.635987,3.9686272,-0.77563065,0.04880691,12.776165
0.80270505,3.821255,-0.95003426,5.8981023,3.1402056,-2.395436,-2.973293,14.807303
2.3592336,-0.3281332,-2.965684,10.355419,0.59798175,-2.0564747,-1.4266409,10.840426
-0.18215181,5.328058,-4.4876585,7.6002207,1.7228905,-4.5594964,-3.9872534,12.75281
-1.28992,0.75806487,-2.3774981,9.912469,-1.7883666,-0.64766157,-3.3259268,10.9131155
-1.6022971,1.0236026,0.22270602,10.058446,1.9148061,0.14068294,-0.68729925,11.7600765
-1.25959,-1.5117639,-2.445105,9.3726635,0.0487695,0.3491346,-1.2835804,7.8947024
3.857654,1.5555893,-1.1281463,9.392525,3.6470904,1.9475378,0.4939018,10.215342
-0.91619956,2.702932,-1.0025787,7.78431,1.2974916,-1.7440246,-0.3581502,13.03321
-1.1007416,1.8382107,-2.7611504,8.428791,-0.7990756,-1.8090166,-0.27192163,9.799926
-3.0923579,4.8802376,-2.2197545,6.8280826,1.6363127,0.21302447,-1.4886094,13.500906
-2.5387452,0.20845771,0.7015965,9.419934,0.9078186,-1.9037735,0.91387826,7.7091312
-2.5887527,-0.2773236,-1.4133295,9.744386,-0.94025904,-0.807729,-0.46233812,12.682795
-1.1655041,6.1796236,0.5026386,6.949472,0.21163774,1.5164192,-0.48456067,12.928496
-0.09856588,-3.1576047,-2.70544,7.9529386,4.1078296,-0.23041318,-0.6208315,10.030851
-0.48489866,3.8302732,-3.3146493,8.583646,2.2787132,1.8817691,-1.9817867,13.582388
2.463581,4.2417784,-4.9094877,6.486294,4.168346,0.15236019,-4.9452577,13.16325
-0.5516443,0.7328434,-1.4303336,8.786814,0.96526575,0.07197118,-0.5664363,8.713243
-1.817056,3.1897888,-0.7562344,8.680548,1.7253084,-0.5585313,-1.6289196,14.474859
-1.2792605,3.3187006,-3.6632054,5.388601,5.7466145,-3.0820706,-2.8588827,12.787205
-0.66281205,5.617484,-1.6759293,8.319649,2.7911143,2.787129,-1.4645244,14.371486
0.56618726,0.7754609,-3.4856665,3.7185354,2.872432,2.3370364,-4.992336,12.489572
0.20375063,-1.8845108,-0.45876122,10.275757,3.3039744,-0.7182879,-1.9378034,10.325022
-2.4317157,2.569508,-2.2864172,8.868133,-4.5051603,0.21237361,-0.6182364,7.252402
-0.6313354,4.9180894,-5.304747,6.688281,3.718432,-0.6105229,-5.4864373,13.923121
-0.22481257,2.1131,-0.9205607,9.026588,-1.3530604,0.15441608,0.506686,8.69809
-0.27477372,0.88966984,-2.8852842,7.5465527,3.4339154,-1.248797,-2.85216,12.308957
-0.45242578,0.74857885,-4.3450975,8.2595215,-2.954154,-2.0628393,-2.8122635,9.0130625
-0.7583751,1.6419103,-5.738994,7.2253857,2.745649,0.6216822,-3.962118,10.394175
-1.5573584,3.7075038,-0.7055337,9.064882,-0.43915525,-0.21646313,0.29014954,14.011562
-3.4082325,-1.6856548,1.8256134,10.409518,0.5554163,-3.4288816,1.1863592,11.456284
-0.44817415,1.1038533,-2.0702143,10.313218,1.2294333,-0.39801067,0.2788966,11.793528
-0.20355442,7.237074,-0.81887984,7.070367,3.7570345,1.1739483,-1.8886744,13.840013
0.9545467,2.9327345,-0.040614024,7.6131496,1.8392565,-2.5120747,-3.360824,12.05899
2.1102443,0.8968385,-0.3973249,8.629405,1.9510165,0.8574368,0.53458273,10.220584
-3.0996447,5.6159344,0.45047364,7.6225877,2.0057812,0.9785682,0.98590624,12.000556
0.28099602,5.1082916,-2.5490577,7.508041,3.4374144,1.4963812,-0.9567712,10.212255
-4.2123575,6.137762,0.13608076,8.751023,-2.0322022,2.448932,-2.9098344,9.969052
-1.8803676,1.9310908,-1.9062169,10.143496,2.2550588,-0.02413246,-1.1052212,12.3953705
0.05302935,0.88711375,-2.8138368,9.87559,0.1697634,1.0942738,0.80685514,6.3156505
-2.0638902,1.7111921,-5.842615,8.119254,0.123597406,-0.6710461,-2.4298306,8.80333
-2.7673104,0.9984584,-2.4803083,6.2674947,0.39966294,-0.12521513,-0.40746364,9.034033
1.1279372,-0.8441072,-0.15055975,9.109302,1.4052916,-1.3919393,-0.5434508,12.318765
-5.768661,15.409894,1.8786747,4.134624,2.3108356,1.7366273,-2.709353,16.961937
-0.98864275,1.2719069,-1.3636672,10.061264,2.2648742,-1.2126808,-1.4866143,13.6375675
0.9947533,0.1950442,-1.7372106,9.3122635,1.1980857,-0.5451233,-1.1645185,11.785456
-2.3714218,4.402312,-0.6647999,9.311955,1.6262976,1.688372,-1.0554999,14.063929
-2.6369379,0.48740932,-4.1996746,7.751976,1.7095125,-1.8631388,-1.632735,10.36568
-0.75163144,1.3682787,-1.8644578,9.943381,-0.9052266,-0.672215,-0.02879326,10.928447
0.520016,2.6371617,-1.7683712,8.947297,-0.85525817,-0.35770568,-0.062309496,10.04627
0.8548606,7.801733,-1.8220627,4.816148,5.1416163,1.0898274,-1.9483268,15.200848
0.8194179,1.1303242,0.30310294,9.172631,2.1179414,0.19626181,0.27020714,12.911979
-3.387255,4.48588,-0.08400552,8.014531,2.9087963,-1.5597233,-1.9852716,13.263099
0.50432897,-2.8004413,3.6676018,11.954874,-0.34806532,-1.7830524,3.8552833,6.914007
-1.0819031,2.0223215,-0.0850488,9.208744,3.1502159,0.42734158,-0.4378669,12.695523
1.6514001,-2.5321562,-1.1080052,8.437258,3.6436894,-0.55164796,0.06294845,11.806066
-1.7789928,4.7645445,-1.3444419,6.4156675,2.6383438,-0.7815717,0.58388215,12.211359
2.1340482,-1.5789686,-2.7359364,8.853023,3.7087595,-0.2278754,-1.9069217,8.82382
-2.7794995,4.878228,-1.0532427,8.41222,1.9272891,2.2055056,-0.93407303,13.26079
1.0617924,3.969987,-3.5695212,9.179903,3.0923798,0.8831249,-4.3015285,14.462368
0.2967848,-1.4420456,-1.9039978,8.752914,0.22951213,-1.5195634,-0.508633,11.056452
-2.0672107,7.226015,-0.40610662,8.102569,3.4515307,1.0199866,-1.7523946,16.094296
1.046406,-1.6091455,1.09588,11.3523035,1.052207,-2.0096352,-0.20131227,10.3139305
-1.2607275,-1.2043183,0.9008843,9.974495,0.9142597,-1.515358,0.89557767,12.520578
-4.0969524,5.0914583,-0.41601458,6.8472924,-0.20876387,0.5234847,-1.4309913,12.416316
-1.8178135,0.087761685,-3.5617526,9.770406,-0.99605846,-1.0357282,-3.2882578,11.755748
-2.5459075,3.0726614,0.8621926,10.376202,-2.0564132,1.467934,-0.26707852,11.127051
3.239919,1.6892462,-2.7376695,8.774145,3.2858934,-0.34729877,-2.2196465,11.943463
-2.161867,0.4168533,-1.4048874,10.145361,-0.102325305,-1.6200303,0.08076037,10.476952
0.43569127,0.7806875,-4.084355,8.97427,2.9198892,-0.8655977,-1.9740778,11.818393
0.5606184,0.6188652,-4.858608,9.148802,3.2189627,-0.12935759,-2.805494,8.894604
-0.8044465,5.5534887,-0.5274056,4.689882,0.53245586,0.67606366,-1.946797,11.159619
-1.3999721,-2.7522187,0.51077163,10.449527,2.9424691,-1.4159033,-0.15475659,10.468953
-0.8589003,-0.6511889,-0.38987288,10.283533,1.8573047,-3.0549676,0.16317292,13.099847
-3.773145,3.593432,-1.1823307,9.677091,-1.2797616,1.4656441,-0.8207766,11.055766
-3.793605,3.7197561,-1.9592344,8.287687,-0.6644455,0.8369404,-2.047476,11.685635
1.6923974,-0.96349245,-0.73013455,7.7030773,4.353853,0.13950656,-2.0528326,10.223976
2.793752,1.3354956,-1.1394203,8.839894,3.1019745,-0.6030179,-0.70842165,11.326509
1.8467147,1.6028147,-1.759231,10.137399,3.2467878,0.83006394,0.20736425,12.00544
1.0399729,0.56293637,-1.2288412,10.176599,1.2455527,-2.0516715,-1.0543561,11.833313
-0.891621,4.447165,-2.4598384,6.25654,-1.7003412,-1.2683256,-4.776327,12.871488
-0.14004113,2.9943144,1.8439282,9.872191,2.5382054,1.291674,0.50969625,13.148184
1.4464555,0.96181417,-4.809487,8.899344,2.1583295,-0.29450697,-1.6593355,11.821594
-1.5950335,2.2757258,-1.4949747,9.90277,2.2893615,0.39064473,-1.6024452,13.368734
-0.62468326,-0.53009117,0.5143922,10.033868,1.6300662,-2.4683642,1.115086,12.274006
-2.0946348,5.098503,-1.2329857,6.2769113,4.119151,-0.43356994,-1.3943582,15.389771
-0.49067947,2.7249126,0.10651366,8.656992,0.4098081,-0.48056772,-4.737556,14.598256
-0.43327227,-0.2462588,-0.112250336,9.569876,2.213039,-0.8523288,1.2868507,12.0947485
-0.43649644,4.990835,-0.40041453,8.444079,1.5268731,0.7540659,0.43042842,13.953359
5.5229845,1.1915597,0.86203367,9.2861595,4.7652884,-0.5945338,1.3013724,9.681969
1.6190715,-1.9987359,-2.3264878,9.904944,1.368616,-1.828702,-1.2437586,9.929111
-1.0591412,3.096689,-0.8035628,8.807779,1.5762321,2.223932,1.0763304,12.225475
-1.3604473,2.4246,-0.891029,9.551903,1.1003867,0.75947595,-0.57831156,12.433531
1.2464359,1.7874621,-0.8764712,8.378102,0.23722553,-1.935562,-0.014416351,11.598381
0.86487204,0.9969754,-3.0041146,9.182708,-1.5047747,1.0725571,-1.4537519,9.629518
-3.7515216,3.744112,-1.5930262,7.894343,3.3977044,-0.527713,-1.1764196,13.728849
-0.13461083,7.9696164,-3.346078,5.1524487,3.4656644,0.5372031,-4.198965,14.398283
1.8311123,1.1294929,-3.138747,7.931644,-1.3307475,-1.5696808,-2.65532,10.864925
1.9688699,-0.3790836,-2.4548419,10.776015,1.5964738,-1.2071182,-1.0111839,11.273403
0.21763487,-0.25013435,4.570941,10.631245,0.5403237,-2.2454984,0.26456067,10.626048
-0.85270023,0.7214145,0.4932654,11.092948,-0.99260867,-0.04592213,0.22260596,10.534445
-5.2892523,1.8685243,-1.9568502,8.361833,0.9151713,-1.3137547,0.524826,11.895634
1.5921146,4.1806364,-5.941594,5.7740207,2.268687,-2.5924027,-4.8219934,14.5028
-0.4116745,-2.4043443,-0.41020364,10.239625,2.3749332,-1.5381964,0.67635024,10.739684
3.6366231,-0.67991906,1.0844828,10.223808,3.0447857,-0.45940757,0.48213455,11.804005
1.7726623,3.5838547,-3.4909596,6.99985,5.27191,1.9396371,-1.7758238,10.310758
-1.0592647,-0.9575475,-2.2414396,10.102769,-0.21649508,-1.9268085,-1.3080194,12.301569
-0.87612396,0.4268972,-2.0102208,9.243145,-2.6303895,-4.3667603,-1.7256004,6.952518
-1.5456593,1.5904707,0.17605573,9.975446,0.83194643,2.3845441,1.5890024,8.210933
4.0037355,-0.74125206,0.21216974,9.2019615,3.5770702,-1.3141315,-1.1563985,11.91468
-5.097531,3.5004184,-5.003149,8.236589,3.3340118,-1.408027,-2.3537037,9.090423
1.7958605,2.6448708,-4.895385,6.3677325,2.660611,-0.40359637,-2.8702183,12.032836
2.8035607,-1.7375659,1.5503634,12.033667,0.66826326,-1.5201051,1.1192275,9.060478
-1.8061879,4.2275643,1.040642,9.248743,1.2952019,1.625741,0.85542387,12.32477
1.5926633,1.5281045,-0.7588742,10.347213,3.1362243,-0.2966688,-2.3504996,11.897528
-1.0547802,-0.18906003,-2.9047363,8.563731,0.53124374,-3.662077,-2.0610225,11.807607
-2.943694,2.626449,-2.6973062,9.546476,-0.9155803,1.1915045,-1.89472,12.677305
1.4407607,0.45436278,-1.8665957,8.919074,3.8380642,0.5694502,-0.29404512,10.616977
-2.0705488,4.8435483,-0.36106986,6.781025,0.9224579,1.0650977,-1.4976414,12.404276
0.5323185,3.2541044,-3.157009,7.0454397,2.6457348,-1.6119282,-0.28433564,11.719915
-4.644022,6.6761394,-1.2297934,5.0398774,2.8856356,-2.777184,-0.70335984,15.032601
-1.5306611,4.0679064,-2.0533583,9.387855,0.7790991,0.846044,-2.2155843,12.582844
0.9254637,1.0181218,-2.716463,10.591596,0.31367964,-0.38101816,-1.0170462,12.051247
-1.2116429,2.8278587,-0.9446517,9.319453,3.8238578,1.1707429,-0.54874396,13.392261
-2.4118888,7.7310605,-0.14278205,5.807303,3.2061453,3.0651014,-2.3416567,14.314932
-4.362088,-0.52426696,-1.4422486,9.965109,-1.5444965,-1.53794,-0.28915808,11.90669
-2.0920935,2.0875921,1.4257601,10.397645,0.40427765,-1.9030911,1.246387,11.581969
-1.3679793,-0.7891932,-1.755989,9.449868,0.83855695,-0.9689409,-0.5275115,11.384487
-3.3013859,-0.782328,-2.3805916,10.022833,1.3030103,-0.87245196,-1.3214703,11.379073
1.2118391,-1.8323237,-0.14613193,9.631891,3.1503303,-2.9185882,-1.3243992,12.151157
-1.3778895,1.1012913,-3.9342203,8.841174,-1.647135,-0.3314736,-3.3343415,11.201313
-0.85139936,2.302757,0.048039377,7.851542,-1.826249,0.3150124,-1.0152243,11.296058
1.8300289,0.76455665,-2.8760705,9.510876,2.4349527,-1.9833059,-2.6479552,11.71243
0.3960956,1.227977,-3.2114952,8.83457,-2.030592,-0.03187774,-3.0883093,11.040698
1.8005368,2.325552,-2.5087821,7.2047906,2.1330895,0.8472454,-1.1636305,12.510789
-1.3969777,4.7419076,-1.3004155,7.2311444,2.8399725,1.4246068,-2.311663,14.4962225
-1.5938294,7.4128084,0.17351404,7.8141255,1.7830452,2.1125374,-1.4078172,13.221435
-1.4537739,-0.8304715,-0.73772264,10.317033,2.6647065,-1.8246573,0.20164461,11.891423
-1.7495401,1.3583322,-2.5593472,8.589808,-0.43035227,0.75300604,-2.6023464,12.189565
0.70219517,3.8849373,-2.7838025,8.4484215,2.9194543,0.8314154,-2.0134978,14.318493
-3.0946884,7.1015143,-0.51046675,7.956368,-0.41144636,1.5861236,-0.89579415,12.16447
1.3793408,-3.461757,-0.4542536,8.928467,0.44353566,-2.1955953,0.29630107,8.020505
-1.7170829,1.0794158,-2.857954,7.2422857,2.2424252,-1.3338987,-3.4150064,12.114189
-2.6876144,2.1094928,-2.8817666,9.507117,2.8115394,1.39787,-2.080772,11.305025
0.45959523,2.818873,-1.4765716,8.081224,0.6079251,-3.0939083,-1.7615013,13.196896
2.1851807,1.5794085,-1.7257226,9.534617,3.3364596,0.8409868,-1.1386687,12.294664
-0.3677499,6.019988,-0.2911359,7.629349,2.5195663,0.54891396,0.30093163,14.402033
3.6144238,0.11917053,-2.511732,8.366,2.069369,0.5913934,-1.110841,8.339542
-3.0529983,4.0874214,0.7515262,9.85752,-0.8226,2.8341334,1.1896949,9.706508
2.373344,-0.0123919975,-2.0622966,9.45607,2.6190345,-1.7889292,-0.75397843,8.513835
-0.5427496,0.39237627,-3.8368258,9.136138,-1.6338354,-0.88078314,-2.1069405,6.659509
-0.25323343,4.000366,1.9040582,9.818507,1.4772137,2.184317,0.34842333,12.383206
-1.3713554,0.3360752,-2.0577343,11.016099,-0.013772364,-1.0618227,-2.1750045,12.250544
2.275266,1.4567306,0.057066474,10.353441,2.0125606,-0.25303498,0.2917139,10.780245
-4.099839,4.730467,1.6074204,10.633321,-0.9754136,0.55341697,0.620013,13.982792
1.8441689,-0.41819564,-4.0983605,8.156576,5.3236465,-0.79670423,-1.8418916,9.003749
-2.4737873,1.097691,1.9767421,8.533171,1.608947,-0.92566824,0.754196,10.91072
0.5712052,3.0182035,-5.342595,7.486899,-0.62114674,-0.8999887,-2.4558096,9.80739
-0.73539114,-2.6878982,-2.5591226,9.493406,1.8247207,-0.72476673,-1.834178,10.670287
-1.3240762,-1.29985,-2.5488682,10.634718,-0.1795406,-0.9599933,-0.729364,11.188306
-2.3826256,1.2604369,0.8277088,11.0505495,-0.36729184,0.15975879,0.98635346,11.91968
-1.6282204,3.5407917,-2.0314674,7.344363,2.4184914,2.6048975,-3.2567077,11.879246
0.08995926,-0.2518907,-3.501361,8.942373,1.1215348,-0.65744543,-2.6330326,12.066793
0.7741528,-1.1116077,-1.1567602,9.35911,0.65681916,-2.9275582,-0.5174188,10.513893
0.30266806,-1.0519956,-1.0146564,9.235418,1.6689686,-0.45484054,-0.83129704,11.330791
-3.5859463,-0.73839366,-1.3749859,10.210555,-1.041399,0.52609766,0.112296365,10.889523
-1.5421864,7.280947,-0.53425986,7.6889577,3.8095248,2.0134387,-0.47524703,14.720189
-3.1202514,0.19143246,-1.040762,10.360861,-0.88237584,-0.69002056,-0.4302507,12.434524
-1.6179374,-0.041100062,-4.2038794,9.633063,-0.21845064,-0.57386523,-3.0946255,11.485569
-0.5068221,0.6542604,1.4156201,10.785653,1.2767956,-1.9221387,0.50056493,8.879128
-2.1481009,2.8384247,-4.5854216,8.594968,-2.8980868,-0.17858295,-2.3782172,12.539146
0.91500366,1.5849434,-0.86782616,10.08344,1.7841065,0.24935672,-0.87897134,12.3030815
-3.6401532,-0.23076926,-0.30941898,9.343496,-1.2079966,-2.475615,0.25772476,10.9969
-3.5871737,6.020933,1.5000378,6.7570066,3.4695594,-0.7780567,-0.4243844,13.619079
1.4246979,1.02216,-2.0137432,7.144982,1.0809706,-0.13739602,-0.8371618,11.057319
-3.5830865,3.2598016,-2.3043635,8.127636,0.626406,0.23742528,-2.2898421,10.316094
2.8235228,-0.6710821,0.4470545,10.423833,3.4413657,-1.7322074,0.43224132,12.277666
0.30191097,-0.1446797,-2.5380101,8.784107,1.8115145,-1.1725044,-2.2557652,9.456624
-2.0079734,3.5140827,1.1633064,9.932862,0.55342376,1.2701911,-0.3169706,12.299593
0.3973317,1.5951227,2.1664963,8.392579,4.7180133,0.93548644,1.3443758,9.998183
-3.4058332,11.67946,0.69071794,5.3993464,3.4268534,0.87321264,-2.0513358,17.367874
0.6267773,4.4622407,-0.08035079,8.86658,3.5448363,0.36258143,-1.1497699,10.252086
-1.891835,3.4001558,-2.3105226,10.326407,0.94489264,2.2339296,-0.9897261,11.91803
-1.9387902,3.8978662,-3.2450974,6.9611316,1.5443447,-0.51485723,-0.6361826,11.904855
-1.1526645,5.548906,0.71263576,9.967864,0.35211143,1.4210311,0.33594596,14.473492
-6.456726,11.455327,0.761194,7.262382,2.4282875,2.813751,-0.7845539,13.979584
-0.33171055,1.8417221,-0.7177866,9.507057,0.12160701,0.29617143,0.4929569,12.115949
-0.5125476,0.51222616,-0.06633587,9.459168,1.6815456,-2.266814,0.776504,11.950113
1.3562407,4.1381426,-2.2932851,8.535689,3.4616334,0.82207006,-1.6633345,13.365235
1.3280416,3.7878566,-1.4746275,10.1027155,2.896298,0.738003,-0.76566446,13.974458
-4.4915853,-1.3568902,-2.513533,9.825257,-2.775429,-0.7874508,-0.30048248,9.710637
-0.5237986,0.8774206,-2.1051672,10.040775,2.278478,-1.5945809,-1.8989364,11.570676
0.9773301,4.2086625,-4.1652756,5.375588,0.13242432,3.435077,-1.750913,12.840235
3.1623325,0.2394729,1.4761906,10.414404,1.7754514,0.63286895,0.8011168,9.43173
2.4775603,6.2726097,-2.694458,5.046607,4.000179,3.6414564,-1.9314551,11.687384
0.30598184,-1.0647731,-1.3008283,9.171113,0.41752768,-2.523592,-0.67093,10.602874
-0.6963626,-0.04287629,0.79181343,9.291031,1.1698644,-1.2178391,1.7655059,10.492743
-2.2506428,-3.4140806,-0.74979246,10.139836,1.1100092,-4.857622,-0.28050753,10.281138
-1.1703742,2.6082878,-2.235522,9.132106,2.117561,-2.216442,-1.5187925,9.661412
-2.3832366,3.4872632,0.66743696,11.044931,-0.24524201,1.2393379,-0.037586957,9.062493
-2.5156775,5.897673,0.40096036,10.368308,1.3191456,1.9238899,-0.70136696,14.803508
-0.7761347,5.2144947,-2.9169753,7.4607434,2.0863752,-0.42379484,-3.462252,13.478152
-3.6177444,6.374349,-0.33097646,7.583333,1.0865227,0.80387664,-1.391873,14.840247
-0.1577901,0.44111878,-5.292585,8.218823,1.993357,-0.30327117,-1.3613253,8.962268
-0.57205194,3.093024,-2.573123,7.088427,1.3814865,-2.7396443,-3.1607494,12.9060335
-0.7381103,3.0864558,0.2592557,8.806368,1.0768903,-1.573589,0.6454393,12.14754
1.4875193,-0.13688426,0.8899863,10.561199,0.5933118,-0.5779977,1.1361171,12.030085
0.9121178,1.1240941,-3.0233567,9.78032,2.8709161,0.53538233,-1.2796702,11.725815
2.377058,2.746887,-3.6118963,9.385763,2.6567724,0.019701293,-1.3192374,11.951396
-1.5594418,4.5242577,-2.123857,7.4846506,1.0433332,0.7353418,-3.57794,13.787084
-2.2672968,3.0557444,-0.78699315,6.5171986,-1.1749535,-2.6434317,-1.8509327,13.112165
-1.773555,5.2821383,-3.1427505,7.663195,2.7663834,1.5891593,-2.7745419,14.305505
0.6138112,6.57942,-4.6825333,6.4872475,2.9209754,2.5725942,-4.0955186,14.219634
-0.06883395,1.3707148,-0.39153048,10.433684,-0.22392415,1.7973317,0.29560494,9.679151
-0.16301687,3.2076411,-3.174937,8.930937,-1.0983421,1.7895398,-2.8707018,12.126085
2.2351427,1.853247,-1.5315123,8.818409,0.85551345,-1.1630893,0.06857904,12.066092
-0.14546145,4.1100144,-0.6952845,9.425311,2.3754725,0.3533018,0.29643878,13.655318
-0.006303532,3.737168,-0.30941188,9.63725,1.6003447,1.537455,1.0113654,11.915258
-2.890072,1.7258974,0.8918363,10.595205,-0.39540806,-0.14758812,0.41282678,12.412147
-1.8861841,0.070566796,0.55518025,9.62845,-2.737718,-1.820777,0.11913601,8.308368
-0.9422379,-0.30606586,-1.4311335,9.222285,-0.1803943,-3.4701355,-0.9078889,11.718783
1.0290277,2.8705335,0.2735385,7.0033865,3.6238422,0.6673753,0.23437986,11.691213
2.2981668,6.7685003,-5.1057186,4.8460464,4.192196,-1.2730936,-4.9979477,15.239213
0.2514027,-1.7762107,-0.46557543,9.263474,2.5643733,-1.5559194,0.2859648,12.499826
0.78081554,0.50991976,-2.6050553,9.543626,1.7075264,-0.3253649,-0.7821147,11.141406
2.7519178,0.6540195,1.445292,9.602355,4.626425,-0.08988619,-0.11875988,9.989477
2.8183992,-2.9412723,1.7817,10.034714,1.4880997,-0.7396729,-0.9510454,7.8481693
-0.87670875,2.9301891,-2.036105,7.4450417,1.6326575,1.650112,-2.3569634,12.369443
0.38946265,3.9619112,-0.66374606,7.689225,2.5385926,-0.08436779,-3.2653077,12.593951
-0.07751743,4.7885947,-0.07196907,10.521342,1.2086087,0.25167918,-0.5326191,11.973655
0.734584,-1.01456,-2.5479848,9.7736435,2.4237633,-0.17119344,-0.6278742,10.180078
-0.15654789,0.08136876,-2.0431287,9.620009,1.7161198,-0.120615475,-0.15611397,10.373738
0.8429848,0.17348103,-1.093685,10.345705,1.8581245,-0.32738692,0.7588472,9.066902
-0.72184056,1.9073387,-3.5304437,10.057488,0.6588075,0.17957258,-2.4981897,12.1987095
0.80971676,2.0003004,0.78059316,11.151907,2.8578668,1.3086406,0.5528434,12.0885515
-0.7589866,10.036148,-2.286699,6.119923,3.0279953,1.698456,-3.5710735,15.563137
-1.2784162,3.9765916,-0.33542672,6.962977,1.8872689,1.5954449,0.25836578,10.684894
3.0008938,2.076999,0.7970073,10.257288,3.82979,1.6074519,1.0916561,12.160403
-0.86801445,3.3008955,-2.624124,8.875149,0.60437465,3.5578206,-1.2637237,9.940101
-1.303055,2.8292873,-3.6068892,6.349035,1.0260335,-1.37472,-2.2322886,12.077934
-1.721692,-0.9589811,-1.7808173,9.877104,1.7555892,-0.9601239,-0.37224904,11.403626
3.1643958,-1.2702899,0.2612042,9.621667,3.7674422,-0.7382055,0.476497,10.797848
3.8039944,0.3827204,1.4711082,10.184519,2.5162408,-0.24125288,0.69977415,8.554437
4.0082836,0.037720606,-2.811758,9.243043,3.0202224,-1.217269,-1.135581,12.309153
-1.7845812,5.7918215,-0.24110182,5.473842,3.9776738,2.6395094,-0.6172857,12.11873
-1.9967133,-2.6774049,-1.979167,9.761787,-2.2130182,-1.557699,-2.1387236,7.4710035
-0.39810723,6.7568374,-0.23728812,7.0743203,2.7535007,2.1910253,0.2285183,13.368783
-1.719326,2.4549742,0.33218914,9.608658,0.5765652,-0.60814416,0.65716565,12.466026
0.029569987,2.5913465,-4.049719,8.43896,-2.9388587,0.6296446,-0.33451572,7.038947
0.6000076,2.0143094,1.5081115,10.293069,1.6273177,0.06588709,1.9982179,12.518764
0.0320535,7.5993543,-0.2928305,7.854377,2.6814647,0.7220682,-0.8825109,12.041513
-0.2859435,3.1973827,-1.9529396,8.460282,2.9359426,0.40520677,-2.326751,12.044747
-2.252357,-0.94938004,-1.6383225,11.417313,-0.8146775,-1.7115976,-0.21413481,11.296532
-0.2008466,0.6760508,-2.0734148,10.587852,-0.05172648,-0.6848189,0.5268717,8.333151
0.80480045,1.9705863,-1.4261271,9.094317,2.608338,-0.28474873,-1.2859573,12.8141
-5.620442,-0.45528895,-2.03516,10.789733,-3.0249307,0.7101635,-0.43982068,7.3115706
-3.8569527,0.62536347,0.77935743,8.591415,1.1297009,-1.4807601,1.0665846,11.106375
-0.12064921,3.9392655,-5.047296,5.458142,5.5338006,2.1257796,-1.2408987,11.469856
1.2179338,2.4358819,-0.22870758,8.347724,1.0144725,-0.763989,0.6933221,10.425387
-1.2877456,2.1588085,2.8279564,8.384683,1.4445082,-1.2117655,2.1178555,9.588245
-2.3075287,0.332585,-2.5985992,11.065624,-2.0988693,2.0175736,-0.5977387,7.0818396
0.89600885,1.7636788,-1.9680599,10.875738,1.1560221,0.20710419,-0.54926115,12.566606
1.6430485,-2.35022,-3.8176312,9.172521,0.29384997,-0.92423344,-3.7999628,9.881424
0.16730309,1.5416089,-2.00209,9.997784,1.3537,-1.2317554,-1.5423416,12.13025
-1.838526,2.71339,2.2491024,9.549747,1.4881691,0.90557563,1.8020984,12.65644
-1.114023,2.8681083,-2.308514,7.379066,2.3371775,-0.29659268,-0.42309013,12.658943
0.97182465,1.8312507,-1.9784144,8.8956995,3.4694135,-0.14851293,-0.009423332,9.289317
1.5534827,0.22496425,-1.1386558,9.3581705,4.7559175,-1.8711673,-0.18912196,11.903381
-0.86406904,0.013296502,-2.4703875,8.647919,2.2754633,-1.155132,-1.5671587,11.732343
-2.0926144,-3.728997,-3.0977097,9.302295,0.95919573,-2.6203496,-1.5895147,10.16595
2.0883613,-0.1555984,-1.3147097,9.668683,2.645821,0.057197053,0.6273578,10.21923
0.43466622,0.028535744,-2.6488767,9.5810175,-0.08993314,-2.0653658,-1.4470677,11.767466
-1.6757789,1.1254904,-4.9214926,9.614459,-0.60818213,-1.4134513,-3.4507346,10.391772
1.6351897,0.89402074,-3.8040745,9.399834,2.6623068,-1.2014216,-3.97664,12.775773
-1.2224396,-2.2639976,-1.965507,9.428164,1.6891768,-2.3282347,-2.081901,12.580893
-2.2060997,-1.3922336,-1.7723676,9.5491295,0.37588966,-1.469292,-0.97561383,12.174801
-2.9124725,1.0706475,0.5994504,10.864006,-1.736365,-0.47945517,-0.22009699,7.461821
0.19395544,3.788613,-2.4054692,7.234066,2.1047416,-0.46520427,-1.9631482,11.047283
-3.1105912,8.257014,3.1942983,6.7827945,3.1605518,3.595939,0.35331368,13.984184
-1.7247236,2.6656148,0.88392013,8.825686,3.092751,0.28332436,0.10852728,13.027798
-0.37543043,0.2278796,-3.8609166,8.709206,2.9439144,-1.4098549,-1.4880944,11.632885
-4.6060658,0.07955726,-0.06706932,9.034286,-2.5281055,-4.105951,-1.4847673,11.116091
0.04252577,-0.64520425,-5.170109,9.44359,2.4449987,-0.97743464,-3.3736706,10.182641
1.2587311,2.214805,-3.234701,9.041859,0.011233543,0.1281357,-2.6465588,11.489863
0.6728973,-1.8668373,-0.770548,10.195095,2.561146,-2.2753632,-0.5432085,12.4425125
2.4018734,3.6632357,-1.0449406,8.499633,3.7787926,1.1660511,-0.09798088,11.822381
-1.337288,-2.9254668,-0.83181345,9.603509,1.826751,-1.9781241,-0.83664054,12.453339
1.6725388,3.2628386,-3.1600583,9.537866,2.427411,0.56307644,-2.690824,14.068773
3.8676133,1.4571172,-0.3512451,9.52753,1.5918777,-0.9596016,-0.20333053,11.256392
-1.830271,-0.50421566,-0.82169896,11.533349,-0.90256417,-0.5549592,0.029499464,7.5169024
-0.0011067479,-1.1764977,-2.5108433,9.232366,-0.26146677,-1.0123558,-0.6554306,8.8594
3.160328,-1.3926687,0.7855904,8.625576,4.72355,-1.1242653,0.8090866,10.109281
-2.715025,3.3656201,-2.4000926,5.0515876,3.410794,-1.249786,0.07676004,11.386124
-0.8624251,1.6605396,1.023997,10.038115,1.9865073,-0.03035971,0.25998086,13.364413
4.208869,0.19130805,-3.6079023,9.387581,2.1877413,-0.23463342,-1.5790087,8.941118
1.7973657,1.1811635,1.4117126,5.4548965,4.8918138,1.7644844,-0.601401,10.70983
-6.4536614,1.6242042,-2.8187206,9.925553,-3.8435516,3.2161064,-0.7977274,6.8040366
-0.3744185,-3.2435608,-1.2852312,9.159228,2.2324095,-1.2699661,-1.6918787,10.630025
-2.035661,1.2615948,-4.032947,9.002471,0.47632504,-1.7790943,-1.1793951,10.721298
0.22599818,0.07016304,-0.2902524,8.867974,1.7205567,-2.193111,0.37963474,10.664348
-5.095327,0.59068567,-5.6127386,8.217845,-2.2322898,-0.970535,-2.19341,8.123894
1.1778767,0.6594598,-3.3777645,10.2377405,2.5650227,-1.0419347,-0.76616263,10.806656
-4.5549426,2.0772614,-1.8941286,5.2310486,1.2979146,-2.7665331,-0.14637767,11.738862
-0.6239257,-0.24208614,-3.3021896,9.590891,1.6260397,-1.0712591,-1.8974357,11.796547
-3.1323674,4.569478,-1.107393,5.6282134,3.412293,1.4209332,-2.271552,12.325389
-0.9217087,2.220447,-1.4470489,9.824151,1.2853736,-1.0223805,-0.8985679,13.043248
-1.2265208,-2.588131,-0.60773104,8.412691,2.2261877,-1.5228015,-2.2519166,12.723328
1.7439985,-1.0227842,0.80928475,9.605702,3.792224,-1.5752418,-0.25232938,9.720886
-4.2440124,11.657955,0.5459035,4.3328896,3.8331714,2.3864028,-3.6841936,17.56246
-2.390333,2.3044617,-2.757031,7.859545,-4.7211146,-2.0531788,-5.3409634,11.694819
1.5804455,0.071554855,-3.9293368,9.001318,-0.22635537,-1.8660363,-1.7614658,10.260303
-3.0643163,6.8807163,-1.341102,5.141236,0.9015192,1.0996141,-4.4060936,16.02313
1.153566,0.6166581,-2.3080354,10.700133,2.0333965,-0.12961133,-0.53145707,11.481987
-2.0959609,3.4397726,-3.66184,6.5909567,0.9717117,1.6316726,-4.0860534,13.788851
-1.1031806,2.9290383,-5.344319,6.6147265,2.3600564,-2.027771,-3.293303,12.894825
0.18795544,4.452174,1.866506,10.371546,2.7352757,1.78808,0.5527947,13.334956
-2.0576737,7.7103887,-1.9631145,5.6876674,4.0084105,2.0749967,-1.8328538,15.062414
0.5723585,-0.85522497,-2.6271577,8.356346,2.9283187,-2.197612,-4.1246595,11.991052
-1.613088,-0.78572345,-2.0382214,8.498718,-0.19982828,-0.57275236,-1.6203097,11.454262
-2.5766141,5.1713943,-1.0918217,9.200098,1.5837183,2.2351456,-1.0834665,14.607711
0.6850328,-1.8734214,-4.3344584,7.1127715,3.2627776,-0.48360297,-3.805377,8.994577
-3.8519135,4.8235106,0.43469515,9.915823,-0.81886077,2.6363583,0.6241915,10.442691
-1.3764659,-1.500431,-1.6651382,10.406143,0.09110912,-1.3761915,-0.42704594,10.837412
-4.532224,5.4561095,1.0135869,10.319133,0.4888036,1.5835338,0.17786849,14.168048
0.57770455,-1.731598,0.58778894,10.950159,0.8573666,-5.1611905,0.16325538,9.7300005
-4.6682587,2.0209506,-1.9323,9.557965,-0.67800343,-0.65585375,-1.1185502,12.423206
0.64644825,2.9301686,-3.14984,8.913876,3.217178,1.1484226,-1.9475452,12.621216
1.8721966,2.3047256,-2.7339242,9.151302,1.8341017,-1.2842222,0.38216427,10.738372
-1.1336625,0.44345063,-3.9302227,9.217071,0.9009127,-0.4393987,-0.29780233,8.899435
0.7202332,-0.018413346,-4.5071807,8.7693405,1.1139277,-0.99356174,-4.078613,11.181024
0.6371255,2.2781103,-3.0900297,9.2736225,0.6965581,-0.05640114,-1.3868841,11.644332
2.7923937,2.2588477,-2.1810343,7.014638,0.570093,-0.20931014,0.54354054,8.360895
2.9443107,2.8124099,3.831688,11.3345995,2.5614276,-0.041548114,0.6261327,11.076138
-3.4604354,2.438167,-0.97182983,8.662297,-1.5243845,-0.9019058,0.5600634,11.153974
0.79393524,-1.5351026,-0.82723874,10.5412655,4.083518,-1.41912,-1.380355,10.4225645
0.66532356,-2.4151752,-1.4248756,10.9752865,1.1578993,-2.370059,-0.99342746,9.944878
0.74909884,0.49190688,-1.5459834,9.937757,2.1084287,0.4581257,-0.35737905,12.253916
-2.197717,5.0133743,-0.20737214,8.168755,2.6722345,0.10857809,0.08468363,13.665766
2.2424643,2.5274484,-2.4329753,7.9373193,1.1939448,-1.8137364,0.15077932,11.830991
1.3612056,-2.1516173,2.6978688,10.498053,1.0662485,-1.5532882,0.25112152,10.070082
-1.7572886,3.3184154,-2.149553,7.127413,6.5485134,-2.814188,-2.0059419,12.148154
-2.2226353,0.51575583,-3.246669,10.677215,-3.0543184,-1.9650161,-1.9200983,8.0169
2.9690797,2.7548466,-0.5979476,9.707854,2.795439,0.8090942,-0.020866275,11.506829
-4.7166233,-0.1493085,-1.8507984,11.848711,-2.418824,0.60093975,-1.0809652,8.232768
1.0572678,2.6703312,-4.3849673,8.486331,2.8117392,0.09048262,-2.239244,12.069237
-4.595571,-0.2378222,-2.0710664,7.962981,0.8231809,-2.2338898,-0.48664096,8.943107
-5.389899,5.971573,-1.0071034,9.01209,-1.5412115,2.5835218,-1.3200566,8.596868
-1.8086467,2.5318573,-4.5820336,8.403828,2.4317253,-0.8416339,-3.4440038,12.16756
-0.5131995,1.7625374,-4.543506,6.2735243,1.9544399,0.49760336,-0.62966067,10.284404
-0.6810751,0.7485842,-4.1868005,8.931429,-0.8282107,0.08248695,-2.431539,10.26328
-0.82135886,5.47947,-0.822405,8.906161,3.7536683,2.7360241,-1.4331833,14.103659
1.2098583,6.0549216,0.45517057,6.9006157,5.149314,2.8111734,-0.37606448,14.646301
-0.29041755,-3.303465,0.09190709,9.000139,2.9723463,-0.9232676,-1.703479,11.137869
-5.7571445,5.305377,-1.6489968,7.493781,-0.66868776,0.013793139,0.38599694,11.487022
-2.6978486,1.1883562,-5.1597595,8.421275,-3.2296772,-2.5193415,-3.417916,9.42845
0.10627113,-0.92627406,-3.2925344,7.8345704,8.013846,0.6085821,0.02073126,10.02704
-3.3946395,-1.4448323,-2.5022159,9.210634,-1.0507821,-2.5921705,-1.5935663,10.126339
-3.3775299,1.7145833,-1.2780162,10.756404,-2.0285766,0.06442833,-1.308473,13.071632
-1.8831508,3.6334739,-1.0428499,9.418848,0.7129112,2.2637856,-0.934743,13.374918
-1.0861442,-1.9937009,-2.3841782,9.341385,2.930753,-1.3276044,-2.9937303,10.975058
-3.3684282,-0.2828598,-2.3918931,9.975276,-1.8179743,0.037180297,-0.13454358,9.455917
-0.3815398,1.7402152,-1.5450487,9.70468,-0.046078246,-0.4208695,-0.44696566,11.902047
0.97135794,-0.6500269,-3.3163905,9.233914,2.605143,-1.9746323,-2.5000615,12.325017
1.5342591,4.3839707,-1.7374678,7.9164495,2.8539677,-0.8439908,-0.80329394,13.781059
-1.5657568,1.4045194,-4.373734,8.126435,-2.131733,-2.5859554,-4.471678,13.02046
-2.5106905,2.9169507,1.519007,9.266877,2.191386,2.517476,0.66548485,13.430694
-1.6209953,1.0577362,0.8190194,10.403351,-1.7557038,-1.0881608,-0.580504,10.08298
-1.6987716,0.3696086,1.5656503,10.227909,-0.0757414,-0.28447777,1.6257876,10.458357
-2.3299983,6.701915,-1.5763958,7.1684556,3.9509866,1.6272879,-1.546022,14.406149
-2.465587,4.5223765,-1.5210915,8.048332,-2.0290637,0.8754171,-1.6303502,13.232474
0.38013965,6.776032,-2.9573784,7.4567833,3.9478128,1.7354228,-1.494293,13.90473
-0.78118813,1.1256161,-0.9520965,10.406488,1.0714501,0.4121926,1.7313883,9.297293
1.0593066,-2.2530425,-2.0094843,8.839038,3.4201388,-0.47573462,-0.96917254,11.113011
0.7596857,1.6407413,0.81778026,9.262733,4.4256644,0.32862654,-0.128982,10.58496
-1.4978039,6.3206797,2.7725453,7.7599297,1.9776204,1.2265224,-0.03570439,13.025925
0.05953744,0.8692892,-3.033388,7.6350856,5.120311,-0.19823284,-0.28213757,10.079817
1.3264962,-4.43034,-1.4313339,10.356057,2.8525448,-4.2492857,-2.5530574,10.116335
0.07571563,-2.4005213,-0.18741305,10.959395,0.56350666,-1.7419837,-0.39317378,12.508369
0.15377039,2.3672519,-1.7942418,9.598423,1.0158249,-0.6850717,-0.45412636,12.243611
-2.8447227,10.759005,-1.4952154,4.6943917,3.5674405,1.0776321,-1.782071,15.799878
-1.0014886,-0.32774124,-2.160295,10.783992,-3.237752,-0.77783227,-1.343333,8.239438
-1.2165469,4.265513,-4.4221783,6.772658,3.0553832,1.6178509,-2.4907773,12.377103
1.5455778,3.6334493,-2.8082747,8.483351,3.0659351,1.4835894,-1.5092086,13.111829
-3.3001788,4.728975,-1.1177198,7.4611387,3.735882,-0.9383157,-1.7168967,14.962229
-2.9560628,4.0790787,-2.848103,8.473575,0.41564128,0.17676935,-2.2742853,14.123767
1.0669854,3.218195,-3.194328,8.653802,3.3655584,2.1899848,-2.0986838,12.698508
-3.2503004,2.3022294,-2.9095967,7.723197,0.58531165,-1.9695787,-0.48368964,12.30585
0.62525356,-0.4631006,-6.392768,8.492269,5.3440785,-2.2314446,-3.7361183,10.671477
-1.062938,3.8776472,-0.72291505,8.200614,2.1810343,1.5048724,-0.98165643,14.178874
-3.7103677,1.1692543,-2.4513345,10.968911,-1.7316096,1.9143164,-2.7207212,8.086353
-1.6110797,0.9060654,-6.49432,8.460473,-1.2408897,-4.1084437,-4.712625,12.284729
1.0020667,1.1596296,-1.9593033,9.009893,0.9019612,-1.0061004,-0.9767471,11.972186
-2.8225749,1.9436077,-2.7295058,9.218618,-1.0758785,0.88240683,-1.8252356,12.434122
1.6364825,-0.9110293,0.107908554,8.705229,3.625748,-2.780634,-1.7652694,9.089802
-3.8128467,0.22561951,2.8224401,8.448452,1.4572327,-3.4668355,0.5454131,10.753982
-0.19961998,6.145372,-0.41591695,7.390142,0.18804899,-1.253999,-0.0059179584,14.111256
-2.4233916,3.8577332,-0.46930265,8.369587,1.1072663,0.03858099,-1.6111591,12.342966
-0.23688857,2.6662824,1.1835023,9.489766,1.8036532,1.020835,0.4047964,12.260993
1.4358054,1.1322931,1.0612932,10.708772,2.318021,-0.6921309,0.6747962,10.284416
-1.9370445,2.1410964,-2.9024289,8.558067,0.3026235,-1.7135074,-2.0946476,12.615887
-3.192349,6.695726,-2.1456802,6.7439365,2.7958632,-0.17121314,-2.7358057,16.312523
0.864555,4.9003677,-1.548311,7.981263,3.1128414,1.3784641,-1.5403271,13.466246
3.3296416,-0.8225645,1.3436531,10.642258,3.0104537,-2.0122151,0.39169756,10.729608
1.6096559,0.3022257,0.51659316,10.189083,1.705518,-2.3139458,0.7408783,11.537511
1.0170298,-0.2814632,-5.892957,6.086997,4.5901628,-0.34560934,-3.08562,10.166476
-0.60138416,1.8042613,1.64713,11.034841,-0.9457768,1.5625261,0.4144005,11.964574
-1.8262835,-2.4577796,-1.6072488,8.081755,0.83065134,-0.40215942,-0.26908073,11.288512
-1.4111689,2.2789946,-3.26391,9.641727,-1.31706,-0.90242,-0.48015246,8.1709175
-1.5600545,0.44594058,-4.639586,9.669536,-1.4890661,-0.3685097,-1.6897815,8.760805
-3.4113529,1.7160351,1.5330796,9.315563,1.8167323,-0.8352149,1.0331497,11.406386
0.5302091,-2.3001642,-4.323088,9.107947,0.77113706,-1.416372,-2.7770483,10.094431
-3.7639546,5.4368477,0.06314533,9.00294,1.9089495,2.8219945,-0.81650394,9.780358
-3.784144,-3.460304,-0.14090775,11.455514,1.1622835,-4.382281,-1.1266851,10.67719
3.8787763,-1.3138304,-1.6267948,8.927614,1.5783368,1.3801116,1.2453159,7.7760324
0.57604986,-0.99116373,-5.3032913,9.549684,1.8830945,-2.1331093,-3.9609854,11.651285
-1.3174138,2.5171392,-0.3951891,9.485996,0.18209751,0.25428203,1.3584307,7.677929
-0.45284277,2.6024244,-7.07545,5.4881454,-1.3530774,-1.701299,-5.0866027,10.641638
-4.6599455,2.6775835,-2.056144,9.176823,-1.3613485,0.4630008,-0.35095853,12.326165
2.6383226,5.0089746,1.5021502,5.891516,6.0681796,1.1450039,-1.2076113,14.015705
-3.0518057,1.1192415,1.5924137,9.125097,1.9795347,-0.6835117,-1.055236,12.226986
0.62036,3.4349024,-2.1895952,8.709747,0.4861726,0.5126006,-1.7342386,12.862691
1.0353798,2.0224588,-0.64878887,9.043592,1.8201675,1.0349884,-0.29155353,8.099358
-0.5568681,8.198137,-0.48549473,7.1879373,1.7479184,1.6929281,-0.10155494,14.628979
1.2767019,-0.8944107,-0.6180648,7.2990026,3.747184,-1.2998964,-0.4047785,10.105272
2.6338599,0.217732,0.3489032,11.1983185,2.7158303,-0.45126528,0.6131898,11.065464
3.4531622,-1.5527699,2.766427,11.97892,-0.2968218,-1.6468264,0.5222465,9.381477
1.8966109,0.7009717,-5.3525157,8.397064,1.5165102,-1.0559318,-3.957416,10.78827
-0.6198177,5.7230463,-0.29382938,8.409138,1.6525139,1.9001108,0.13194178,13.65963
-4.180665,2.8320625,-2.8578234,9.135497,-0.9849326,-0.8089014,-0.9463806,12.865899
-2.3807375,5.989782,-1.9062173,8.517262,0.66871005,0.61943966,-2.8246884,15.267027
-0.6699069,4.063455,0.60859174,6.6094656,4.1035876,-0.7507144,-2.407738,14.411813
-0.4025768,2.769859,-5.9518456,3.6173608,0.4464052,-1.0497211,-2.950934,11.416576
-0.60118216,7.1859293,-0.6020532,7.811058,2.9293468,2.2786534,-0.37309608,14.343675
-0.35122085,4.2851114,-3.6101205,8.252484,2.204574,0.36251336,-3.3091252,13.820623
-2.9636283,2.5528615,-4.6589,8.033762,-3.0710716,1.6252903,-0.7886357,8.783774
-2.7814345,1.5205778,-3.13307,9.765413,-2.5232246,-0.809163,-2.389607,11.530711
-2.9922197,-0.10927527,-2.5787814,8.500262,1.7010576,-0.93776363,-0.8821393,12.100163
-4.1372466,0.6944671,1.5779402,9.808434,1.2866578,-2.6975665,0.4480225,9.007449
-1.5494574,-1.1534107,-1.6925442,8.548409,1.7776474,-2.522018,-0.09655619,11.158444
-6.7485704,9.08746,-0.60992736,5.815231,0.29174238,0.04180232,-0.7862057,16.34952
2.9464884,0.92205936,-2.4806535,7.5719934,-0.7599966,-0.11640932,-1.6642829,9.308732
1.0470674,2.3862348,-4.269565,8.998164,1.7765949,-1.2646997,-2.9760745,10.943608
-2.2398193,3.8647466,-1.0374227,9.5346775,0.7582194,2.7195458,-0.3388081,12.553847
-3.087197,-0.6116436,-2.2689638,9.1493845,1.2875371,-0.65693784,-0.95637923,11.522386
-1.0841993,-2.146631,-4.728775,9.534022,3.3439445,-2.3863664,-3.9223049,11.037338
-3.0972002,0.47554728,-2.511671,10.307976,-1.6406854,-0.29498532,-2.1733658,11.012042
-3.8453176,2.3164742,-0.8361445,9.642864,-1.4201801,0.534334,0.4586409,12.004278
-2.8245473,4.4400463,-1.576765,7.8684354,0.071585424,-0.7871662,-4.777958,15.137877
1.4990846,-1.0365475,-1.3980019,10.2963705,2.2118456,-0.25746056,-0.14169891,10.721023
3.586365,0.9844024,-2.430467,9.857462,1.3458016,0.6102273,-0.010461947,10.41786
-0.24724065,-1.089169,-4.4678845,9.739926,2.288642,-1.9271575,-4.633911,11.399145
-1.580377,3.145389,-1.3071452,9.6934185,-0.87171996,1.3716315,0.059647292,8.290547
0.6460413,1.4528079,1.1666011,10.0176735,1.4916799,-0.76430213,0.041086182,11.8288
-2.296681,4.819517,1.9131511,10.166808,0.9901029,1.5572234,0.85323435,13.335579
-0.38966674,3.194272,-2.7079926,9.251513,1.9457645,-0.61799794,-1.6289705,12.588714
-2.320696,5.49135,-0.6260469,9.290581,2.7746637,2.2121606,-1.3539238,13.364888
-3.1607513,-0.05637224,-1.5781227,9.923886,-0.8906989,-0.27515516,0.33741853,8.126914
-2.5306916,6.366456,0.12519856,7.7489133,1.7736475,-0.7921246,0.47032714,13.271929
-1.7542933,2.6859765,-0.26710048,9.659711,-1.2602947,0.09606525,-0.65102,11.000295
-5.355442,0.64108104,1.0638224,8.076582,3.2927837,-1.3563666,1.3997517,10.467979
0.06040349,-0.66899955,-3.0108702,10.212483,-0.707003,-0.013796979,-1.026481,7.81809
2.8181374,-2.3440964,-1.8433058,9.827538,2.6269214,-1.8700346,-1.2512814,11.154157
2.0353518,-1.0156904,-1.2296548,10.633966,3.148558,-1.7973081,-0.6609531,11.709751
2.5142734,0.4180417,1.9552511,11.005973,1.592465,-0.27080825,0.9630088,10.489025
2.5589006,2.221493,2.3210483,10.7420635,3.7136261,1.7125716,0.5458721,10.494756
2.4194942,-0.24065645,-4.382001,8.869294,-1.5373863,-0.249051,-1.7109321,9.10207
-0.5327552,-0.7885536,-2.1574392,8.684854,-0.4601117,-1.1160495,-0.48107967,10.542494
-0.75352854,10.385459,0.50496304,5.6423516,2.5540338,3.157244,-1.7303892,16.197527
-3.6185539,0.7587707,-2.4924116,9.665292,-0.10798317,-0.6025713,-2.5486887,10.40853
-2.9933555,-2.4363182,-0.7655918,7.8679075,2.6054251,-1.8911635,-0.9035172,11.80758
-0.2969885,5.02191,-1.7812688,7.1545386,3.446376,-0.67554283,-2.4988787,14.665932
0.95383453,4.5158944,-0.12479898,9.9029875,2.7818823,-0.54142904,-2.2058506,12.500242
-1.3691108,4.750184,-0.2072225,8.982649,0.9394799,0.05003757,-2.4667325,13.975141
-3.1180713,1.8773805,-1.5894301,7.343243,4.618781,-0.45280156,-2.0471277,13.733077
-1.9925553,3.2043128,-4.06913,7.299603,-1.4240919,0.55826014,-3.2770882,10.878867
0.9874402,4.677649,0.80329996,7.919837,4.2441072,1.5458213,-0.6159817,14.030309
2.5034087,-0.3830107,1.6971405,9.657816,3.350877,-0.39757717,-0.7762609,9.8000965
3.792314,0.94120646,-4.4249206,7.0877934,2.7414596,1.9092666,-1.1266333,7.991255
-4.289516,1.1347369,-1.3151473,10.507761,-1.8352929,-0.85613066,-0.9229657,13.09715
-1.2294108,4.7550707,-2.8905482,6.7698584,0.5689481,-3.4190736,-4.3234773,15.504086
-0.5400489,-2.770402,-0.2680658,10.450818,0.9441557,-1.064555,0.38448122,10.431629
3.0079162,-0.074200325,0.037983257,9.569219,2.1544387,-1.9485894,0.09097611,10.4799
-0.3715577,1.8420603,-5.100347,7.9805145,4.3467903,1.1732978,-0.98561656,10.232429
-1.9243814,1.7276288,0.69441867,10.8051195,1.1656677,0.2810234,-0.5881565,13.190947
-3.857778,1.3252339,1.472471,11.182634,-0.8494095,-0.8944244,1.0757717,7.1706824
-0.37263617,2.019189,-1.9955499,9.078487,1.9148167,0.80739594,-2.1275191,11.386604
-2.1851573,1.76544,-2.8615634,10.117598,-1.4096501,1.1797471,-1.8099477,11.412096
-1.5325512,-1.7769625,-0.06548531,9.763102,1.3296019,-1.9173504,0.44993576,11.850936
-2.8231552,3.2497013,-3.7166944,6.574581,0.07846908,-0.5660998,-2.3332126,12.030828
-1.4336011,-0.20756316,-5.182341,6.0636106,1.0260056,-2.583833,-1.5409175,9.689967
-0.1382223,0.74341816,-0.9938175,10.315602,-0.47805914,0.60360384,-0.13536622,10.102445
-6.950676,-0.11181653,-1.9065334,11.209976,1.3742523,-0.9134764,-0.084135324,7.8590355
0.047240265,3.7842443,-0.75237423,9.478201,3.2164357,1.2498869,-1.0668861,14.189132
-1.3391247,0.47000358,-3.8425446,8.593933,2.6309621,-0.5239333,-1.6218294,11.35383
-2.0184836,1.9117708,-2.0039856,7.9736595,2.7307284,0.77129745,-1.8204814,11.925489
-4.4623117,0.78115803,-2.7415352,9.409015,-0.80073017,-0.4135822,-0.7858247,12.7499
-1.6851397,3.1513305,-3.4284623,8.046878,2.8177485,0.09749408,-2.6408334,12.963204
0.54201686,-0.5770541,-1.0254872,7.916982,0.5431982,-1.9545537,-1.4092399,10.806629
-2.1640604,5.5026984,-4.274303,5.625372,-0.007370659,-1.0637708,-4.733846,12.157021
-2.7886438,4.0735126,0.003396236,9.629845,1.4664773,-1.3927914,-0.2528611,13.66125
-0.05505878,6.3106236,0.15305114,5.52767,2.8953307,1.4821137,0.6396066,14.62089
-0.30055845,-0.64109623,-3.4508588,10.425547,-0.7037415,-0.6028269,-2.2367382,11.555086
0.29554495,1.302308,-1.7812603,8.843984,2.569551,0.2755798,-0.88256544,10.268601
2.9939883,-0.008742997,-4.124736,8.162773,4.4744596,0.5996384,-1.4761125,7.393968
-1.2590809,-1.1536106,-2.3201072,8.039659,3.938242,-0.8801696,0.30436116,11.307105
-0.25907353,3.5722542,-3.7768424,7.5505304,-0.27795497,0.9586128,-3.3614213,13.686489
1.5027473,4.5637345,0.54960436,9.495841,-0.66346097,-0.42382357,-0.067348495,7.616169
0.063458614,5.1661015,-2.1031175,6.308947,4.1551003,1.8628489,-2.8268623,15.010827
1.1976687,6.1932335,-1.9768552,6.9099708,2.7085736,1.4165509,-2.2368634,14.043784
-4.1616054,-0.21519484,-2.8669508,9.271394,-1.1539323,-3.5977685,-2.5347917,11.223337
3.9315162,-0.45339352,3.0114133,9.942112,1.9827754,0.6725031,0.45647585,10.24458
3.0287006,3.185312,-2.9784033,8.487934,2.5321643,-0.47903153,-2.144108,12.276133
-0.17071025,2.6758466,-5.3764453,6.1462903,0.18519115,1.3009049,-2.3092027,9.7365265
-0.7617875,9.971884,-0.25317338,6.9791045,2.7138333,0.6617521,-3.3498785,17.413538
-0.4680442,3.746658,1.5177631,9.233187,1.5364043,-0.18220928,-0.13271132,12.5588665
-2.4502892,0.59113365,-3.4744718,10.000879,-3.6449878,-0.71887124,-1.9278731,11.325034
-1.098731,3.0057847,1.6919135,8.947236,3.1405816,1.4963279,-0.2752233,9.721446
-2.2955956,-0.6099633,-0.9870143,10.5908985,-1.0703645,-1.3230963,-1.2174485,10.590849
1.5700008,0.4170356,-1.7769382,10.141921,1.9368874,1.1640519,0.13096078,11.250925
-1.1314,1.6155696,-1.5707926,9.579526,0.46033207,1.8591465,-0.29618317,11.030087
-0.19515829,3.7138548,-4.753369,6.9834023,0.5588939,1.3815461,-1.4582136,10.833543
0.71425617,-1.3746506,0.8048488,8.989841,1.3873395,-1.6833436,1.5115534,10.80833
2.03409,0.16923474,-3.2986841,9.0766,3.2108135,-0.93706423,-1.0179347,11.624067
1.0355954,2.250249,-3.604594,8.330539,0.37086353,-0.7635719,-2.61075,10.909496
-2.6388066,5.724558,-0.6527802,7.3246174,2.6091754,1.6620067,-0.045202285,13.472641
0.017884228,-1.8818636,-2.0193136,9.84684,2.4454203,-2.7392337,-0.8396513,12.281505
-1.9284352,5.324343,-3.0492249,5.9830794,-1.1039269,-1.8082318,-3.5988743,14.232162
-1.2675425,6.5389924,-3.0678978,6.0188684,2.9718502,-1.64715,-3.215575,13.144876
0.4349658,4.4711037,0.7615953,9.683296,2.1337504,2.359538,-0.20431148,13.046261
1.7711388,2.0659509,-3.2577324,7.2523737,-1.3586744,1.0789752,-0.9926866,9.145241
-3.8039548,6.7002115,-2.2853012,4.7910037,0.9933989,-2.410843,-2.8199568,13.8473425
0.2239907,3.6591532,2.107797,9.116035,1.7611834,2.1975076,0.90056086,13.079545
2.5747993,4.5216584,-3.5288544,7.7458663,0.7923266,1.6932294,-0.09393251,10.672716
-1.6193365,6.0390873,-0.105462156,6.251336,6.0027947,1.0095906,-4.555452,13.942192
-0.9210153,2.8542187,-3.63333,8.385429,-0.015175449,-0.07012226,-1.6979266,11.71279
0.006281817,1.6976085,-1.3931524,10.107472,1.6825194,-0.32851645,0.05199407,12.543643
3.4079309,1.8258703,-2.5437572,9.213499,2.8507347,1.807223,-1.6938896,12.478807
0.19949721,-2.6510556,-2.785057,9.389056,2.90822,-2.1273048,-2.9060192,12.836754
-0.33137357,4.9570484,-0.9332161,5.3764887,2.4854996,0.31391382,-0.4932243,9.263616
-0.3590599,-3.7399595,-1.7368944,8.019992,2.7873561,-0.67084205,-1.9805137,10.971631
-1.6100582,4.9272804,-0.9670587,9.413491,3.0945368,-0.72861373,-5.3399367,14.514184
0.71982205,-2.0734825,0.9041648,10.089673,2.9201727,-0.5458569,-0.36405393,11.327644
-1.2765461,2.6922674,-2.4837668,8.741097,1.7304078,1.2052066,-1.7847365,12.792193
0.094189644,2.9136443,1.9125763,11.324688,1.1706386,0.06480906,-0.30566055,11.754354
1.1193047,1.7491881,-2.8102639,7.3005633,1.5453733,-0.86431444,-1.3236288,11.042995
-0.8184196,4.4214816,-1.2072563,5.9688764,7.0369644,2.1549757,-0.55956423,12.322313
-0.43800175,-1.9975199,-1.0014744,9.5364065,2.3856626,-2.5225554,0.05476879,12.26633
-2.7224636,2.4469109,-0.08096322,9.373163,0.67729443,1.6015546,0.16810954,10.156451
2.5566933,1.217293,-2.6524587,9.501581,3.4499655,0.36283314,-1.518255,12.922201
2.0616655,-2.5069802,-3.2268634,8.627237,5.975553,1.9186023,-0.40035364,6.4435186
-2.3360465,2.4826555,-2.3581226,8.431577,0.37413412,2.359394,-1.414397,12.9983425
2.0301912,0.22275902,-3.0425136,9.2655325,0.6564038,-3.1656537,-1.4938172,10.971758
1.6283451,1.870193,-2.011938,9.627559,1.537537,0.27363616,-1.5368028,13.429412
-0.84985,0.33819592,-2.9120142,8.725425,0.33030674,-1.7133679,-1.8988225,10.20336
1.6792625,-1.7865968,-1.5656856,10.216809,1.5273988,-0.9607033,-0.19099414,10.240242
0.5490421,-0.73503035,-3.158064,10.364373,-1.041716,-1.9833966,0.6294736,6.1017165
-4.531445,3.3848398,-0.098711334,7.7182755,3.1471174,2.0602264,-0.25480032,13.861783
-2.842904,3.413667,-1.2528222,9.556424,-0.69016033,0.9294045,-0.3626445,12.547298
-0.50428605,1.9682478,1.5789782,10.374141,-0.6961536,-0.86350065,1.0679226,10.993468
0.1292637,-0.92467535,-4.4442954,9.429668,2.1133132,-0.3505022,-2.9827845,11.505622
0.6590527,3.8680964,-2.0423582,4.919834,2.3613014,-2.759774,-0.7860806,13.679354
0.39323804,1.231943,1.2484186,8.779952,2.5737698,-0.6469492,-1.2175655,9.854796
3.1370907,1.1927418,0.59581524,10.610632,2.3277235,0.49307692,1.4073375,10.60612
2.9164968,-2.269917,-4.618163,9.4667425,2.5794287,-1.4147451,-2.20287,8.413372
-3.0286663,4.9041195,-0.28457546,9.1849165,1.1832017,0.31791806,0.10896791,14.538523
-3.8515306,1.3676531,-1.1099524,8.6643095,-1.2181512,0.15305313,-1.3287104,11.370819
0.024086138,-1.5918939,0.22492558,9.543706,1.5074437,-0.9066472,1.0490216,10.830618
-2.3887956,2.8171518,-1.6009172,11.128007,-5.1775036,0.37849653,-1.4620769,7.781753
2.329412,-0.7910337,-0.8686288,9.982046,3.3097484,-2.2760828,-1.3065757,11.483481
4.8341465,-0.4638907,0.7388115,9.726604,2.5609686,0.38566524,0.9374323,8.710851
-0.29944658,0.7914558,-1.365967,8.890783,-0.31318575,-1.0866169,-0.53180873,11.215406
0.51470554,2.282059,2.9388192,8.745951,6.1038685,2.3515637,-0.86033076,12.167329
0.31122857,1.7764295,-1.9357692,8.820068,1.3155187,0.06336805,0.008395632,12.012434
-1.2405158,0.6584604,-4.2528086,9.676798,-0.81791395,-1.4435116,-2.9304502,10.1651945
3.0647025,-1.0131096,-1.5712487,10.573445,2.0721102,-0.94916874,-1.5187398,10.649482
-2.0045817,5.1676006,-1.0287664,9.664047,2.018993,1.14662,-1.3522474,14.899341
-1.6863413,3.949787,-2.76368,7.615596,-0.16027418,0.9688205,-2.5484138,13.462933
-2.8153965,6.371902,-2.4409528,6.9614573,0.41579387,0.14118767,-3.0037472,13.909016
0.58440065,-0.15252951,-1.2891213,7.879141,3.120513,-0.7597298,0.21103029,10.109329
-2.508038,2.6357048,-1.1823543,10.606249,-0.24682784,0.19125488,0.4247909,13.52638
0.09988333,1.1977971,-2.8271172,9.180045,-1.5886425,-1.4994837,-1.8940697,10.771847
-1.613178,8.318339,-3.0243118,7.250017,3.6883142,-0.4224375,-4.211589,16.327217
-2.2153995,1.0013686,-1.8213378,10.037675,-0.19392708,-1.3881385,-2.8954647,12.4995
-6.7743053,5.6483955,-2.983142,5.1623535,4.204927,-1.9729924,0.037571806,12.248166
-1.1743019,3.2877831,0.48753482,8.980484,3.5208335,1.2801412,0.04665197,13.852873
-0.6066874,3.5618553,-1.6518785,8.659707,-4.395876,2.5309632,-4.0024385,8.804095
-0.12350429,-0.65722084,1.4424058,10.514252,2.2538702,-1.3571608,0.071591355,13.104013
0.33659017,-3.6309605,-1.861656,8.774503,3.096687,-2.1270206,-2.1187794,8.84949
1.3494804,4.5730877,-0.5154836,7.00293,3.3532982,0.08798448,0.39977625,12.737241
1.9109312,0.23457658,-3.2235007,8.810017,2.3185663,-5.12855,-2.8690786,13.501804
-2.178212,-1.3437437,-0.37539473,9.859021,-0.7047837,-2.6876512,-1.4768825,11.827919
0.5982711,1.6277205,-3.4889164,9.894232,-2.3968358,0.06339126,-0.67234063,7.0789094
-0.9176949,-0.27312654,-1.6199145,7.563044,3.3969898,-1.2432823,-0.055907637,10.225206
2.9470398,2.2990494,-0.38743043,9.353195,0.964875,0.41237718,0.6592988,10.910371
1.2124159,-1.4818126,-3.0452442,9.169008,3.222108,-1.6352686,-3.55369,9.612768
-3.3553815,1.4125348,-2.9051046,9.730583,-2.3871913,-0.22778606,-1.6521978,10.601445
3.1002336,-2.1493826,0.9426513,10.179298,3.0176473,-0.57794803,0.79559606,11.20921
0.49108177,-0.6548498,1.627251,9.0771675,1.3088124,-0.1422671,1.087827,10.047853
-2.2739067,3.2251391,-0.3863754,9.769506,0.47639996,0.50498176,-0.8634836,10.107513
-0.19534254,-0.57950085,-1.0197463,9.773921,1.8914037,-2.0411181,-0.81736606,11.839936
-0.7811522,0.13440007,0.86472833,8.477254,2.1443472,0.41388294,2.2067127,10.928232
-2.494354,-0.88722545,0.21224175,9.790629,0.4070673,-4.5300956,-1.1036121,9.584146
1.7094399,1.2734617,-2.2775855,9.862291,2.3252223,-0.72753745,-1.0459055,11.087087
-1.7848301,4.308279,-1.7484368,8.098068,-2.7865365,0.8651332,-4.276037,10.086622
1.920092,-1.3418112,0.79867893,10.153463,1.8363307,-1.8026422,0.19411786,12.653496
-1.7506058,6.4690785,-2.3501914,5.5384984,3.5617428,2.6801004,-1.8975406,15.01749
-5.0255156,3.2442315,-0.7588077,9.901725,-1.2630476,2.1530087,-0.36852494,11.225399
-3.5365965,1.912527,3.068423,8.9727,1.7239236,-1.8175032,1.7941647,11.418697
0.47471604,1.7128917,0.9640691,9.748251,0.52003014,1.3341206,0.76689917,8.615808
-0.033210613,-0.32904354,1.7507182,9.947152,1.0146005,-1.7457974,1.6340089,11.960281
-1.1648245,5.1622453,-0.09094853,8.907539,2.0452878,-0.44389728,-0.02580136,15.217955
-0.9897533,3.4811947,-3.1800604,8.733575,1.743611,0.68596715,-2.5283844,13.464478
1.6566324,1.1680883,-0.01481649,9.331023,1.6739383,-1.7227037,0.9461931,11.62984
-2.4731092,4.5096865,1.3585143,9.677725,1.1493142,2.5301008,1.0348654,13.701646
0.92263657,-2.0418634,-5.4002156,7.5047064,3.2222693,0.22211862,-4.072676,10.411809
3.377708,0.5507821,-3.6819847,8.658159,2.8615332,-1.0406833,-1.750872,11.161662
-6.6334696,4.973259,-1.3233767,7.8913784,-0.7350764,-0.87282866,-0.8327876,14.613079
-2.6150367,-0.9284477,0.43184343,10.419753,-2.4563572,-3.6311452,-0.62436706,9.971438
-2.455963,2.0632956,-2.6208158,9.0308485,-1.0241886,0.18843554,-2.4351604,13.297827
-0.2716531,4.196736,0.2646737,9.629662,3.2003233,1.2647339,0.034548756,13.874937
0.77714646,3.0922225,-0.023768801,6.556179,2.726899,-0.36534098,-1.1470339,13.032703
0.94699484,3.1998348,-3.0330968,9.445883,1.6872103,1.5524555,-2.1886485,12.85793
-1.2532139,5.1366687,0.13547714,10.052745,2.6545162,1.8371431,-1.3407867,13.74733
-1.6692876,2.0056498,-4.2012043,7.2260094,2.2449477,-0.8213319,-1.3815063,10.005868
5.6146646,0.15796849,2.218215,8.702722,3.3885272,0.41962522,0.10309139,10.804043
2.1692262,1.4009883,-2.9569738,8.735379,0.018938405,-0.91977674,-1.0546968,9.998148
1.0236013,2.1670058,-4.830969,8.162696,3.1745553,-1.5027164,-4.8527713,12.075815
5.031405,-4.695273,3.7262871,9.646937,2.1582937,-0.19419818,-0.37628853,9.983688
1.3593624,3.8043144,1.0288681,9.523866,3.7903047,2.601911,0.73846596,13.056083
-2.7561266,-1.1369758,-2.144818,10.360855,0.42015398,-1.630143,-0.32130083,11.637934
-1.1070194,5.3302937,-1.0428535,10.157262,3.2487195,1.9914485,-0.69990665,13.178216
0.25933856,1.2885339,-0.5097353,10.991613,-0.3647395,0.8034372,-0.36405367,11.910033
-0.5869103,-0.57807285,-0.06530887,11.552244,0.9807763,-1.5137671,-0.8861639,10.465302
2.201248,-0.24118133,1.7827897,9.993481,2.7752917,0.85719025,0.17767654,9.696906
-1.923004,2.6612782,-3.3706954,7.5350304,0.14391698,1.2034304,-1.444914,8.621241
0.9612195,1.6656861,-0.17074399,9.284445,2.5390344,0.109798715,0.6282913,12.640185
3.6247895,-0.7948095,0.04031483,10.65469,2.216116,-1.0619527,0.2898167,10.101004
-1.9336839,8.37829,-3.6829731,4.87202,4.3194714,0.68928564,-5.4150214,15.54491
0.15157847,-1.1239599,-4.7367897,9.71262,1.003686,-1.9143529,-4.25787,10.136049
-0.8306907,-0.53816646,-4.0132565,9.645101,-0.3316604,-1.4636422,-2.0839374,10.528245
0.34296197,4.9131045,-2.0730858,7.760189,3.60126,1.0810709,-0.15780666,10.177974
-0.66038346,4.2431307,-3.7959554,9.129791,0.10978753,3.1894634,-0.8368943,10.045962
2.0472124,-2.2638273,-1.4637177,10.377207,2.5112891,-1.6242247,0.05647701,10.591627
-6.0526905,9.507618,-0.24414036,3.0689669,5.4449506,0.52280855,-2.3605862,17.276316
1.2864178,4.006975,-2.799098,8.771189,3.2166042,0.07462936,-5.393625,13.993486
1.6811465,-0.4758897,0.21706386,10.594343,1.7755724,-0.47065187,0.33990985,12.083742
-2.9489768,7.3507524,3.110853,8.034677,3.7847075,2.3509665,0.64704543,13.840927
-2.0194294,1.3439125,-4.443913,8.901942,-1.8444153,-1.1461232,-2.6493108,6.7227874
0.7749807,3.5240583,-1.5305151,9.761926,4.844449,0.36517006,-0.45307437,11.449675
3.7421746,2.0295231,-4.678534,8.434953,4.0693903,0.30443117,-1.3882035,9.930311
1.3227093,6.7654147,-2.894089,5.8288274,4.723175,2.2915256,-1.756739,11.063241
-2.9824188,2.6110632,0.6815104,9.982145,-0.020076603,0.5031723,0.27634004,12.489072
-1.0101113,9.506273,-1.3631508,6.2839994,2.8329418,-0.23938039,-5.885596,18.304058
-0.9363724,2.61252,0.37304857,10.46158,1.4626266,-0.12508278,0.5555643,12.336751
2.5462344,1.762272,-2.379889,8.159306,-0.8938438,-0.5495554,-2.129646,12.549014
-3.234864,4.3484473,1.1499355,6.399867,1.48964,-1.0855632,-3.3866374,15.218734
-1.4236054,-0.32599142,-1.7236359,9.971188,1.7401961,0.62869906,0.5611489,8.188066
0.78540796,3.2995296,-0.69057846,9.563566,2.4187896,0.8592593,0.45252445,12.492696
-0.6945865,3.4873312,-2.8632922,7.3333545,-2.0428267,-2.2117295,-2.8810053,13.680571
2.0888147,1.4404294,-0.5966531,9.025548,3.9281654,-0.5884102,-1.1001034,12.701067
0.38753363,2.1294434,-0.22898352,10.698611,2.0164955,0.16660479,-0.11555391,11.621443
2.6795855,2.2109811,-3.4711273,8.910078,1.608391,-0.11851951,-2.581889,11.785284
-0.5158273,-0.16435899,-4.195284,8.625449,1.0049263,-1.4520118,-3.0121484,10.934667
-2.0386205,2.5681763,-3.8775368,8.410631,-0.5563988,1.2186997,-3.4826434,9.5293045
0.22455859,-0.62673175,1.6061238,9.04364,3.1383252,-2.5471709,1.3725871,10.787526
2.032897,3.5383098,2.0721135,10.166907,1.9502039,2.2057147,0.5645133,11.733644
1.1815794,1.1263316,-2.4290247,9.606734,0.088578574,0.043780297,-1.6454731,10.205981
-2.0565555,1.5573353,-2.7571645,10.1439085,-2.1455662,-1.0256734,-2.2476437,12.6339655
-2.0553448,3.2206516,-1.3309544,7.612957,3.2601256,0.70599747,-0.32744452,12.871896
-3.0670545,6.497475,0.72197825,7.958135,1.4275461,4.3798447,0.67035997,11.679363
-4.5749135,4.243782,-0.22426863,8.845841,2.1769927,-1.4549223,-2.4194198,12.95951
-4.5521016,1.1049478,-3.369093,5.8721733,3.210996,-2.5955772,-2.3817754,11.461522
-2.6779513,0.39551824,0.8919052,10.317775,0.52337605,-1.02514,1.0628387,12.739447
-1.4674177,4.0509534,3.4975634,9.352821,2.3849769,1.1673994,0.5410315,14.190855
0.7957086,-1.1662638,0.40075243,8.490931,4.1750226,-1.3646369,-1.232236,12.738054
1.2449235,2.9481435,-4.3058333,6.08387,0.39568624,-1.8532201,-4.8380218,11.419306
0.061036482,2.9412408,-1.6557177,7.3521786,1.6725551,-0.9294675,-1.3361048,13.544129
0.075787485,3.113019,-0.17639051,10.318546,1.5183386,0.7991208,-0.37407383,13.373629
3.079172,-1.2453911,-6.839055,6.164182,4.2331734,-3.273937,-3.3338861,9.740294
4.4213166,2.0496154,-3.0256078,8.078079,2.9860067,-2.423091,-1.6881272,11.9950485
-0.1480799,2.211892,-2.7695029,6.371839,0.37530676,-2.9295802,-2.5281854,12.162489
0.27154353,4.437108,-1.6475128,8.705472,2.6090045,0.8167556,-1.5450419,13.631973
1.570488,-0.34527302,-3.6533751,9.959318,1.4281924,-0.8132246,-1.3942022,11.382956
-1.8364162,-0.72380674,-2.2868772,9.829945,1.3073766,-2.2519188,-0.7587375,11.931093
-0.4254625,-1.7898668,-2.015517,9.065411,3.786837,-1.6457735,-0.79582775,11.886587
1.986532,2.6899242,-1.2153839,9.5725565,2.30751,-0.08056733,-1.4921105,11.67651
4.037527,-1.3947141,-1.7422159,7.862605,2.6843653,-1.1032966,-2.902779,7.081834
-1.5001631,0.12023341,-3.2948215,9.284212,-1.7833332,-1.6127033,-1.8953662,10.318045
0.64176315,1.2809752,-1.2718761,7.205164,3.5141473,-0.3913804,-1.3586547,12.885998
-1.9445546,2.4362407,-3.3045893,9.366892,-2.1209807,0.09908488,-1.095609,12.336974
-1.9180875,0.3374993,-1.1582736,6.827142,-1.8902422,-1.5793668,0.06746349,7.771903
0.46278986,1.7352338,2.41648,10.609388,0.77408594,-0.32262975,1.3202811,12.277969
-0.15069775,-0.7563959,0.27833953,9.994055,1.5711485,-2.0110798,0.68793947,11.987305
-3.8858762,2.7853765,0.73805755,10.293661,-1.0272819,-1.474289,-0.05433709,10.238584
0.36211568,-0.37120214,-3.9483562,9.311743,3.0910919,-2.1615071,-0.49544844,8.746774
4.058049,-0.6687759,1.7040238,7.592149,3.91094,-0.32322186,0.9046964,12.78338
-2.7442586,1.4831488,-0.0044806893,7.67265,2.6781092,1.957413,-1.5173253,10.003874
-1.3008668,2.535126,-2.425046,9.729447,0.7035742,-0.6014584,-1.5137533,11.4975195
-2.6567872,2.780742,-1.6901902,10.007745,0.40664715,0.31579962,-0.1117127,13.488746
0.06913042,4.2193975,-3.291757,8.269302,2.9892628,-1.5373137,-4.361878,13.613151
1.3213499,3.3709807,-3.4720168,6.7445445,0.9639562,0.54296356,-1.9936701,10.564575
-1.890864,4.9828405,-4.4853406,5.2952375,1.1698583,-0.815472,-3.0245,13.729238
-2.9938474,6.83637,-1.9643574,6.1910973,1.0590959,1.7727387,-2.930903,14.747661
-0.52353317,2.741179,-2.2966237,9.336474,2.622661,0.074614234,-1.3497194,12.642319
-3.4901977,2.6293077,-1.2899914,8.555416,0.36419153,0.5639004,0.4562481,11.443037
1.7057594,0.759618,-3.9166873,9.790934,2.1741345,-0.19611885,-1.8148437,10.854827
1.6187555,2.6888325,-1.5348755,7.136988,1.7712854,-0.24136198,0.46038857,9.863691
-0.6934519,-0.3855204,-3.1075993,8.711636,1.449647,-1.0765364,-1.25686,11.924703
0.7318834,4.739012,-0.2104345,9.075349,2.5968359,1.6661111,1.1441357,12.472246
0.16752785,2.5083337,-1.1861793,8.801202,1.708745,-1.9962437,-2.5527585,11.526852
1.829696,-1.4556986,-0.8087546,9.14499,2.1552517,-1.7386489,-1.2316748,11.227366
-1.338317,-1.2021513,-2.7449605,9.378185,0.68360585,0.25096166,-2.5669744,10.97069
-3.5664845,7.765056,-1.3843886,5.9682646,4.371989,2.8826394,-3.4100451,15.7694435
-2.045459,0.8249864,-0.3615357,10.725392,-0.2838056,-0.022115577,0.14978863,12.297164
0.48687735,-0.52718675,-0.16781051,9.251535,1.7349612,0.12713638,0.48113748,9.168644
0.9576538,-0.88975316,-1.1049254,10.190847,1.9964397,-1.9305152,-0.13614827,10.990574
-4.5909286,6.614944,-2.0760095,6.0492177,1.8132023,0.38241345,0.50525707,11.894583
3.2682822,7.070123,-4.3839855,4.244034,4.553598,-0.437275,-4.3555794,15.182035
-2.277602,-3.7435055,0.62949437,10.212879,1.0911154,-2.0981884,-0.58773917,12.163264
-3.3680332,0.38878664,-2.9426198,11.1725235,-4.0441318,0.4303346,-3.1775544,7.707193
4.1320868,-1.5604223,-1.6053243,9.328434,2.4592502,-0.97573656,-0.98768175,10.178212
1.3237398,-3.124007,0.59473926,10.740098,0.09675861,-1.2832456,0.1362776,8.042038
-2.4785872,-1.3513578,-0.17330019,8.248035,3.4767976,-3.5127692,-1.1149756,11.024995
-2.0173836,6.522837,1.5390027,9.1696,2.5258443,0.5864465,-0.12951759,14.412501
-2.4602277,6.7355433,-0.13927197,6.416363,3.7203429,-2.390855,-3.0131705,17.941301
-2.2458806,2.4227602,-0.16087344,9.03311,-0.4738194,0.38311273,0.76549906,12.621377
-0.9751219,4.6588607,0.7610316,8.524803,2.112689,-0.46545115,0.65756243,12.7104845
-0.97048026,3.8615894,-2.9546814,5.2873573,3.3672738,1.0194228,-2.4907238,12.183271
0.8180986,-1.5382459,-0.116697945,10.847282,2.3748822,-2.172508,-0.9008533,12.721165
-1.677499,5.444282,-1.4492254,6.4953504,4.193228,-0.8116314,-2.559474,14.193384
2.177694,-1.3183161,2.975222,11.78807,2.2785325,0.07267331,1.150308,8.138293
-2.3154724,9.229464,-0.6046446,6.1525316,2.2354467,1.5666903,-0.8234212,15.182045
-0.014809897,4.855209,-0.80228555,8.353802,3.6024134,0.35673422,-3.4108698,14.033381
-2.0071902,0.91644037,0.2621477,10.6929455,0.22774154,-0.7802106,1.3704703,11.228198
0.7348008,4.762974,0.43158808,9.45513,3.5257018,2.289889,-0.39956245,13.337065
2.6432126,1.5892907,-1.1325285,8.431589,5.617701,2.6102118,0.42439422,11.022638
-2.5507395,1.5697292,-2.3072124,8.388021,0.4534434,-1.5425828,-1.3789744,11.044515
0.5749237,-2.9957144,-3.0603352,9.372853,3.4505494,-2.4694822,-1.6750373,10.61746
2.0273626,-1.2244273,-2.2636554,10.466329,2.1802382,-1.3857161,-1.2799474,12.31044
1.8658543,-1.0074344,0.43239954,11.56919,0.8669445,-0.8828047,0.684897,8.64724
-2.1935823,7.557448,0.34030336,8.852752,2.088099,2.409458,-1.631587,15.839597
-0.15181607,4.4082665,0.21297899,9.25904,1.7475042,2.0603383,0.1333839,12.488312
-2.1581714,4.251898,1.7522224,8.421961,2.587233,0.6589293,0.76903754,13.199204
-3.8760345,3.1253486,-0.04087045,11.871878,-2.073921,2.0275197,-0.37066364,9.049638
2.0424843,3.4746523,-1.8265352,7.2262154,3.315922,1.8732088,-2.734409,11.804892
1.3612765,3.4128823,-3.3714464,9.740334,1.7738909,0.8705783,-3.7702575,14.642005
1.9394215,2.530238,-3.3781135,5.19543,0.94880706,3.469083,-4.5769734,12.933907
-2.5676296,5.405834,-0.022625849,8.514927,1.9786786,3.4104226,0.00094083976,13.351821
-1.5460391,1.6295509,-0.94377214,9.271034,2.409266,-0.09992427,-0.01140121,13.389205
-2.667215,7.5874314,-2.1727054,8.265194,2.24675,1.928533,-2.3588421,15.31637
-2.1415489,3.015699,-5.542755,5.698472,2.7896342,-0.14865272,-1.0303211,9.168822
2.3297143,-0.57389086,-2.7831895,10.554102,-1.2382431,-0.8625852,-0.22218543,8.717691
2.0885897,1.6495924,-3.4861455,9.775224,0.547196,0.96088797,-0.25394192,9.563468
0.31456032,4.964879,0.72299016,8.491593,-1.8863478,3.9449143,-2.5728972,10.521716
-1.9308943,2.6643012,-2.126681,10.501115,1.698311,0.13831231,-2.3775754,13.808546
2.882363,1.5838208,-1.2509689,9.156728,2.4655445,0.17056534,-0.38028795,12.402319
0.36796445,1.9220588,-4.595593,6.717126,2.920235,0.86249894,-0.04931504,8.160968
1.94765,-1.2042891,0.047914203,9.483716,3.6692562,-0.4905234,-0.096747816,10.956137
3.742136,0.79052144,-0.6436222,7.7344723,3.225108,-3.1701338,-1.4411494,9.500577
-2.8892717,1.0930203,-0.5183756,10.568899,-0.8650858,-0.73113054,0.4787853,11.385426
-1.4473516,4.5073013,-2.437138,8.425434,-1.2731773,3.4665203,-0.91323906,10.13045
-0.3211585,0.6844065,-4.6359262,8.413683,1.1219114,-0.6862204,-3.625508,11.739144
-1.0436916,0.90235966,-0.6819478,8.224199,2.3892028,-3.5661461,0.49211627,11.879137
-2.8878105,6.788215,-1.815391,7.1038904,-1.2850941,0.03353847,-2.3146045,13.07475
1.137874,1.6724412,-0.81793004,9.743493,1.2352444,-0.86032176,0.36692628,12.660724
-0.94119173,2.911539,-0.64270896,9.532348,4.1878037,0.8625245,0.19523467,13.558211
-0.3957557,4.2982297,0.081674464,8.098748,2.8760626,0.07036196,-0.22889374,14.303173
-3.6511767,-0.0575779,-2.594077,10.33483,-3.230345,1.1109653,-2.6478999,7.3574543
1.5040573,-1.9270118,-3.2844846,9.505689,2.902245,-1.4243736,-1.3934592,11.327816
1.526903,-1.2837515,-3.3396757,9.046066,4.420599,-2.832583,-3.133852,8.7728615
-2.8987958,4.0958037,-0.74471766,9.45799,0.04305504,0.80417615,-0.6532523,13.850762
-3.6699326,2.5630124,-2.3675978,7.581359,-1.2226781,-1.2751558,-3.1059828,13.423867
1.0223455,4.5385227,-2.0025504,9.50755,3.0359914,1.0456157,-0.40958697,13.645018
-0.35177845,1.4330093,-1.0248817,9.412608,1.6797863,-1.6676555,-1.714964,13.02724
-2.5291822,2.1981797,0.8209635,11.201373,-0.9991542,0.9861312,0.7200191,10.685362
-0.6159074,2.620554,-1.4746093,8.266441,0.98022574,-2.6970105,1.004206,9.720038
1.7779557,0.0017854851,-4.4995513,9.386091,1.7661071,-0.81790596,-3.372406,12.846859
1.145581,1.7713336,-2.6083133,8.483439,2.602342,0.4597017,-0.09314662,11.123077
1.4093913,2.055453,-0.35707325,10.406575,2.0710323,2.2798505,0.60640067,11.836483
3.2071369,-0.7669488,-2.246701,9.806902,1.6719416,-1.1578897,-0.70413256,10.714707
-0.8984248,2.4484313,1.5109051,9.896924,3.1097455,0.79181546,0.24555908,13.458246
-0.29938042,1.5337884,-2.2520344,8.012364,0.18095176,-1.0669372,-1.8188108,9.604709
0.18298821,-3.155252,-3.7863023,9.385921,1.8164222,-2.5909405,-3.5962298,11.35494
-5.3231025,2.65497,1.9491239,7.697869,1.8222439,-1.0551131,-1.5317651,13.054507
-2.4507666,2.1927552,0.2783465,10.266009,-0.9369902,0.2748583,-0.6927247,12.279457
1.332617,4.66355,-1.5291619,7.6567736,3.6697814,-1.0800259,-1.867252,14.3661375
1.477122,2.01311,-0.8724279,10.681176,1.4845994,0.04738863,-0.9619984,12.83694
0.17871225,0.31109288,-4.2848983,8.037869,-0.35418805,0.2953623,-3.4348474,9.463147
-2.8156943,-0.17073464,-0.08820402,8.802743,0.36259535,-1.4312757,-1.5944102,11.941931
-0.658859,4.103224,-0.9641764,8.762009,2.3958573,1.6853789,-0.9710709,13.361493
0.6701205,2.14997,-5.2210393,7.421702,-1.5226983,-1.6676806,-3.2410884,9.838811
-0.71216536,-1.3913442,-0.37555823,10.700274,-0.66981006,-0.84546024,0.05536881,10.205567
-4.2531734,10.354196,-0.47742888,5.734661,2.9357946,0.67315567,-2.0371358,16.785622
1.6112821,3.1106112,-2.4426055,8.87323,3.1181774,2.330478,-0.23437616,10.946369
2.0385654,-1.7091246,2.3694162,11.042277,3.6514733,-1.0843346,-1.6299826,10.196356
-1.010582,5.0970774,0.031950537,8.481832,2.4675417,-0.26127154,2.7685268,9.358293
-3.4085798,-0.12307078,-0.4895154,10.343079,0.81154054,-1.4213496,0.2792743,12.282661
-4.0947065,6.7015505,0.3703446,8.781537,0.29417595,0.67116076,-0.29637033,13.989603
3.0302029,0.8320162,-0.24101694,9.607529,4.2551484,1.3111998,0.72003627,12.640474
-1.187092,6.826633,-0.5331699,8.114217,0.5288873,2.549741,-1.4831271,14.433395
-3.4569402,7.643352,-2.5014727,5.0409517,3.940868,1.8327942,0.018329736,13.507818
-0.5177442,2.3175826,-5.0168695,8.014801,0.023153491,-1.7180563,-1.8446991,11.106765
-0.27036473,1.1502781,-4.618816,9.402335,0.9914375,0.08399787,-1.9766277,12.274779
-0.93922955,1.4897801,-2.0115364,10.219641,0.51120496,-0.25849697,-0.94159484,12.023561
-2.8925567,2.0326722,0.5746924,10.297921,0.75855637,-1.4468058,0.6598889,12.76816
2.9091692,1.4017111,-2.7417104,9.092161,-0.06194872,-1.266198,-1.4515479,10.149707
-3.1729374,2.4251232,-5.2162585,7.633032,-2.34194,-2.844618,-2.842347,11.358255
2.491948,2.2715693,-2.3462179,9.474054,3.2909532,-0.9101302,-1.5588388,12.360143
0.09269888,-0.45820215,-3.397797,8.999776,0.7218844,-1.9864631,-3.2253966,11.697228
3.9216921,1.7493436,-1.903041,9.361842,5.335112,1.7366347,-0.609546,10.751667
-0.40215817,0.33539444,-2.4439492,7.912636,1.2525874,-2.4095457,-0.92470074,11.744101
-0.15523826,0.7486718,-1.8844539,7.816873,2.717169,-1.0568613,-1.6223838,10.8323
-0.21792649,2.5716922,-0.73310536,10.335643,2.9866102,0.14926296,-0.041045528,11.767629
1.2405728,0.98085135,-3.189983,9.263629,2.2755144,0.16593541,-0.62537867,11.147322
-4.372895,0.76382965,-1.0980486,9.977413,-1.2054826,-0.2614544,0.4557195,10.571215
0.86197394,0.4834957,0.71617866,9.576715,1.2092329,-0.24341953,1.5108409,11.311657
1.4305323,0.7343308,2.5711195,11.364568,0.68431693,0.68794584,1.3681854,10.882312
0.9751706,-0.20437649,-3.2183723,8.060364,2.8884628,1.1648679,-0.5502189,11.084889
2.281978,1.325327,-1.6564435,10.114285,2.5681212,0.7326375,-0.51306057,12.539099
-0.66422033,2.5559716,-4.126329,7.6509395,3.400691,3.0372052,-0.46827123,10.249139
1.6935637,3.7944303,-1.5078188,8.688173,2.644605,-0.814191,-1.1672028,12.300389
-5.641763,0.29866645,-0.64915174,11.323098,-2.0923648,0.19236079,-1.2038897,9.439751
-0.48324648,0.5183615,-1.126035,8.178038,-0.48105016,-1.7409296,-1.5517024,10.649681
-3.3267016,4.4806113,-0.15200797,9.484755,0.6889572,1.8293903,-0.6274265,12.695671
-2.4891977,-1.7352947,-3.1038046,10.01587,-0.64506084,-1.2772137,0.47489926,6.9243407
-5.8911386,1.330679,-2.938118,9.43372,-1.5054754,-1.5569707,-1.0500593,11.908097
0.55315506,2.334911,-2.6976137,7.563904,1.3959059,0.29068416,0.04987699,10.588911
-1.614239,1.1024702,-1.1177,9.894011,1.3635513,0.1871742,-0.26746458,12.534272
0.64611864,6.837951,-0.33574277,8.089304,4.012581,2.3613317,-0.98499256,13.448328
1.8339429,0.5388777,-1.0023556,9.422797,3.9063072,0.3744903,1.6597884,10.696937
-3.970102,2.7123845,0.4043981,10.809636,-0.19110227,1.6080986,0.3523375,12.297583
1.435318,6.0208435,1.1992463,7.329069,5.456182,3.752142,1.0340233,12.809391
-0.58087456,-1.061947,2.2851982,11.651895,0.7704803,-2.3664489,0.82700515,12.334109
-1.9752507,0.83657485,-1.6992675,10.0124445,-0.7097773,0.11003039,-0.06484278,12.083026
-1.5038244,0.8295046,1.8220723,8.837236,-0.0019541408,-0.9295251,1.0962644,10.709249
-0.30933225,2.7626965,-3.6984441,8.361847,2.9243817,-0.7474514,-1.7622031,14.458927
-6.545755,12.240778,-0.4334253,4.5497394,3.5714734,1.2663615,-2.5774045,16.693182
-5.2631235,1.1251987,-1.5782745,10.696806,-2.2409706,0.20440744,0.41460457,10.151102
-1.4873161,5.095341,0.029471789,7.5194597,1.8881444,0.9269896,-0.04366146,14.570121
-6.754244,6.1109433,-0.18522587,6.665453,0.6414254,-1.236271,-0.8267014,14.767898
-5.402991,5.1975603,-0.19974214,8.041594,1.5039127,1.3787323,0.04176891,13.314016
-2.5246382,2.5388105,0.22046615,9.684015,1.750727,0.33723864,0.97301567,11.033866
-3.597505,-3.032478,-3.218681,7.6668706,3.5053606,-2.3802187,-2.5622344,11.382994
2.2090118,0.20803672,-2.2517862,9.308148,2.3034847,-0.8774557,-1.7927624,10.849768
-5.178092,-0.9547304,0.27795637,12.554092,3.031379,-0.34445974,-0.3508497,6.6987076
-0.19722292,6.1061826,-1.6631193,7.222232,-0.19465016,-0.775952,-1.8660555,11.389295
-5.952205,0.57220477,2.3855333,8.580272,1.7067322,-2.000816,1.5915347,11.007591
-0.5453569,-1.3408289,-1.9299953,8.013991,2.298951,-0.116672635,-0.098011516,10.380655
1.8973445,-1.4123622,-2.298499,10.150302,2.556158,-1.1930565,-0.6895794,11.422036
0.3882366,-1.9995139,-3.2947907,8.712646,1.5699875,-1.1404186,-2.2880478,8.644904
-3.0571282,3.7190738,-2.5361784,7.6471586,0.9535323,-0.5945204,-2.6118994,13.121473
2.4138358,2.6414187,-2.9312563,8.227055,2.9749634,1.9563204,0.700785,9.985062
1.5095079,-0.2458808,-2.032968,10.191213,1.943267,-0.4478454,-1.6135612,11.526244
-1.2203739,-0.96639836,-2.677307,11.959045,-1.416817,0.19646339,-1.4087558,5.2851186
-1.7984048,3.027933,-1.4704417,9.924643,1.945073,1.2518951,0.45491123,10.733109
-4.928958,-0.49625945,-1.6778624,9.866696,-0.21096937,-0.23582585,-0.62819993,11.578337
-0.74852186,1.9151443,-4.004811,9.131666,-2.5788796,-1.3190978,-3.0565844,10.381578
1.7531424,3.3840632,0.7284881,7.471033,3.4792213,0.042885512,-1.464813,12.948488
-0.6424071,0.4501844,-3.9829931,10.066727,2.5600574,-1.744502,-2.1912363,12.396746
-1.5732859,-1.4568065,-0.68020767,9.955454,0.6416813,-1.0875653,-0.3068967,11.818753
-4.4554825,0.92805797,-4.154069,6.5070734,-3.5455346,-3.0091965,-3.1777525,11.048346
-3.3272274,1.3467282,0.98827386,6.8374543,0.549268,0.9451511,1.4417061,11.175874
-1.1487393,5.1984143,-1.2449211,8.174881,3.8675885,1.2009577,-1.3007064,14.699485
-2.3482516,6.88141,-0.7558445,5.955237,3.0795934,-0.82357144,-2.1828606,15.471281
0.4708387,3.0639994,-2.771916,7.453403,-0.69843996,0.34756666,-2.0543747,8.240158
-4.162934,0.62154406,-0.30604208,10.189001,1.5026488,-0.45911872,0.016993843,13.083822
-1.3196149,6.196778,0.8909663,6.6304927,3.3239295,2.9071858,0.973699,13.646799
-1.215831,0.21585003,-1.997919,10.026587,1.1097355,0.47549337,-1.5915935,12.607415
-3.2293417,3.6134536,-4.343019,6.2298145,-0.3530697,-0.5130866,-3.064084,12.7058325
-2.0960245,4.146903,-2.0460258,3.5713935,5.743216,-1.9074029,-3.2001834,15.869616
1.1175381,-1.0828176,2.311494,10.395705,1.6930968,-1.9573104,0.8703693,11.28438
1.496089,-1.1899669,0.24049722,10.683022,2.015936,-2.3583562,-0.4796929,12.283931
-1.244745,3.0369787,-3.7072792,8.563751,0.9979376,0.68310946,-2.7163906,13.088539
-4.2839646,3.352844,0.06609437,9.117362,0.22744095,0.35873368,-0.13452555,9.792561
1.0957944,3.4048126,3.102112,9.489538,4.77094,2.2054594,-0.22307302,11.685923
-1.083322,1.5851144,2.9359953,11.228674,1.2382205,0.5506398,1.740532,11.370421
4.5168386,2.906734,1.088102,6.686979,5.4378734,-0.20038718,-1.435255,10.827186
3.5525107,0.94898665,-0.5129173,8.990928,4.090886,1.1213607,1.0099357,9.949704
0.5350298,-2.6136875,-3.3024495,8.599393,2.5344956,-1.0942638,-2.755964,10.866729
0.49369088,3.3069131,-2.3698368,4.3939824,3.8961089,-1.5016158,-4.424292,15.18419
1.8204,2.6157672,2.3766046,10.3038435,1.0623016,0.56337076,0.454551,12.20334
2.4880016,2.5855467,0.024493996,9.259747,4.034846,1.781108,-0.4209087,12.285743
0.90045136,2.863403,-1.9306308,9.85846,2.2311893,2.7530797,0.06632801,10.265514
4.1676083,2.3468482,-1.6662655,7.469561,4.0916586,1.3526554,-0.85838944,11.39099
0.6760523,-1.6194026,-4.407045,8.3911295,4.490283,-1.6784319,-3.0657933,9.155497
0.26681665,2.3753946,0.36658815,6.627425,6.9985957,0.6589785,-2.6083798,12.902929
1.4140437,1.3367677,-2.3519607,8.48716,1.2062993,-0.54050994,-1.4446517,12.860773
-3.2138267,3.7444806,-1.9198995,9.099878,-1.3701763,1.0090599,-1.1337076,10.009436
-3.226676,-0.69889814,-2.1832576,10.73955,-0.45760453,-1.4874375,0.2045439,11.567808
-2.3055077,3.5114036,1.4930841,10.926988,-0.7607742,3.2707355,1.5488851,9.188594
-1.799325,3.78697,-1.9745629,8.206578,2.323677,-0.3125723,-1.7998298,14.353383
-1.7318903,7.8811464,-1.2193805,6.852364,2.1049407,-0.168553,-3.7667527,16.387547
-2.3984258,1.500921,-3.6819487,9.80673,-1.1752836,-0.68743515,-1.6549106,11.614014
-3.122077,-0.69390386,1.7405645,8.362814,2.343278,-2.2950544,1.0464464,11.968941
0.90151966,0.82035476,-0.60542274,9.297682,-1.2711431,-2.0159569,-0.97378486,11.910546
-1.310216,2.5099232,0.13371788,8.788069,3.9259331,1.2199196,-1.5610304,11.424692
-2.3388107,1.8127503,-1.4031945,10.52059,-3.0606616,2.4446056,0.11068985,9.413103
-1.2673817,5.555234,-2.689241,8.934687,1.8885384,1.0489032,-2.1905763,13.718988
0.57691824,1.7530073,-3.304347,7.241655,-0.36617172,0.8959624,-2.9745653,12.073132
-1.9872113,0.5416946,-0.51858985,7.453194,1.1126741,-2.5434494,0.7149949,10.351773
1.1276644,1.715696,-1.7859446,7.9689307,4.1098146,-1.5214611,-1.5789409,12.615726
-2.9337385,3.3511734,-1.7729152,9.497735,-0.9564643,0.6976574,-1.3418801,13.838707
2.1052227,2.3765235,-2.3098865,8.93308,3.0175025,1.2278948,-0.29418138,12.889041
-0.2295885,2.257812,-3.0285585,8.802281,1.5541116,0.5194789,-2.2234454,12.337406
-2.1927297,4.547149,0.9365109,9.776285,1.1225004,1.8688097,-0.14533417,13.607769
-1.987599,4.0879745,0.8247683,9.8124895,1.3887968,1.3815055,-0.49460796,13.155469
4.274727,-0.5987959,-1.2841368,9.045484,4.3381386,-0.73701626,-1.2288648,10.331094
0.9724603,-2.1993299,-1.4725504,9.185991,5.6379924,-0.788496,0.7900585,8.731871
1.8206658,-0.20221743,-1.555851,10.238567,3.5080497,-0.74132633,-1.8349265,11.432791
-0.17309605,-4.005661,-0.804092,8.798985,2.3457937,0.84278136,-1.9813935,8.263438
-0.13784698,0.78249246,-3.7962801,9.0560665,1.6729578,-3.0987592,-4.5842543,12.136503
-0.17394277,1.6712899,-0.27361432,8.497016,4.7105145,0.4750098,1.1022028,13.806754
-3.9527051,9.336229,0.35227793,7.592229,2.929371,2.366369,-2.3377395,15.236354
-0.24765971,0.37575415,-1.7946659,10.062777,-2.6837358,-1.5639989,0.6526229,8.514234
2.4893126,-1.2288185,-0.78556097,11.444224,3.502062,-0.43404734,-0.6577107,9.106176
-0.047815476,0.8764422,-4.7148924,8.530108,0.7660792,-1.8707595,-3.345967,12.882607
0.48409075,1.9706203,-1.6991566,9.665068,0.9835105,-0.75721043,-1.1744415,12.822671
0.069252804,-1.2502652,-3.0962334,9.405188,-2.0447743,-0.34470952,-1.4669842,7.4288673
-0.69016254,3.3853114,-2.0709395,10.46416,1.2335545,2.1063797,-0.668258,11.983925
-2.009215,0.37201855,-2.6242967,9.803251,1.2999121,-0.97346723,-0.784929,10.232354
1.5167613,0.21222731,-3.1201751,9.983493,2.7656674,-1.1892637,-0.84901834,10.818421
1.3689684,0.8079962,-2.3586395,10.893064,1.2201416,-0.4722154,-0.9762167,11.402375
-4.799469,6.6127586,1.5320952,8.803658,2.4936051,3.0804927,0.60735214,11.761597
-2.5066745,0.3607347,-0.1061409,10.144998,-2.0838537,-0.7139295,-0.19053127,11.152814
-1.9986312,3.8645446,-2.4478211,9.701536,-0.10414881,2.0182283,-1.0392561,9.869721
3.2333348,3.1433637,0.08972114,9.166892,4.8831463,-0.0788537,-1.2722098,11.006238
-0.32718003,-3.2355788,-1.994676,7.780898,-0.75117767,0.91026485,-1.1645046,7.253372
3.0594735,0.39209044,-0.58357847,10.087189,-0.11112388,-0.49254763,0.58432233,7.3490624
0.0060418653,4.378859,-2.7923968,8.160685,3.2225828,2.3145444,-0.40426227,11.860922
-3.4587445,4.0565844,0.99233764,9.443714,-0.1277937,-0.026538968,0.0020162105,12.6619005
-1.9804978,3.334269,-4.590476,8.813907,-1.465554,-0.5446226,-2.1174145,10.818884
-3.1335397,-2.6936371,2.4674444,11.038436,1.6736518,-1.9761858,1.3410285,9.809865
3.2549808,3.1079638,-1.7742313,9.927199,3.3491695,2.1830506,-0.14075443,11.865015
0.08203425,2.1226225,-6.2286787,6.958453,1.1335635,-1.4060609,-4.335851,12.568025
-1.8339968,3.2136974,-3.5983777,7.3784537,4.266328,3.1082022,-0.38833797,11.151265
-1.9709814,3.7215745,-1.0685616,8.550968,2.4364126,-0.08028699,-1.9275252,13.258339
-0.12472491,2.0036263,0.5968025,7.0996017,3.060452,4.0590096,0.48359326,9.769507
1.1629789,4.293721,0.57638454,9.092658,3.0696769,2.2129376,0.60053456,13.112737
2.3029544,0.1469754,0.89513963,10.227784,2.2708087,-0.033534773,1.7190356,11.964602
0.14922059,-2.2655072,-2.2366307,10.334706,1.8849639,-2.8945537,-3.2202985,11.6331625
-0.36888367,1.9132861,-2.072292,8.953134,1.1427724,-2.5364125,-0.37920338,12.807145
-1.3813392,2.629184,-3.1841245,9.537617,0.119073845,-0.9785011,-3.5560184,14.18431
3.625861,3.9652576,-3.4193256,6.705673,2.690986,-1.6449267,-2.3137512,12.22332
0.30388978,2.1511936,-2.0312665,10.238489,0.6684454,0.7617561,-1.2223202,12.894418
3.681258,5.6060705,-1.8779857,5.6218014,3.7279582,-0.8900379,-3.0256703,12.482763
-0.7836051,4.361438,-3.516533,9.818877,1.5670706,2.0128925,-2.055915,13.74912
0.0381783,3.1406164,-1.1217582,9.508389,3.2295303,0.41872984,-0.5515735,14.702805
-5.9579372,5.5113025,0.64616114,7.1781034,1.0013572,0.36364526,-0.32909048,14.126975
0.36841834,2.5953033,2.0963132,9.916745,0.8495303,0.07565796,0.28779683,11.694094
-1.2797973,0.12373345,0.7212123,9.202587,0.4010824,-0.80970174,0.65056485,11.68971
-2.1986408,8.665699,-1.6792783,6.0760355,1.219468,-0.8748911,-5.1139526,17.072777
-3.0619242,4.9383397,0.9169023,8.3725,1.711927,-0.3299839,-2.521782,14.493263
-0.6379383,6.396859,-1.1251297,4.3926024,3.1258972,0.52498835,-1.9355719,15.10427
2.63938,-2.3575604,-0.5216503,10.715715,1.9653507,-2.8585587,0.15152133,10.2057
0.9643166,0.17244826,-0.7101308,10.8783865,-0.3884721,0.11626141,-0.20704016,10.596684
1.1969222,-0.2702007,-2.8748176,9.106367,1.3863323,0.256707,-1.1386672,9.80383
-1.0744886,3.9340916,0.3924948,8.274317,2.9505017,1.6629609,0.496642,13.225942
3.9666355,-0.55015755,-2.4218156,8.830299,1.7642087,-2.6538742,-1.8319129,11.093578
1.360707,-0.6523268,-1.8489815,7.4983745,1.3284374,-0.2814048,-0.6031017,8.862601
0.6440509,3.4329185,-0.7143902,7.4975777,0.49629447,-0.17657298,-0.27709654,10.9355545
2.7981489,-1.4141548,-2.3275857,10.843311,1.2106985,-2.6600995,-1.154258,10.450956
-3.7432406,7.879106,-0.71536833,7.13452,2.9548333,1.3564932,-1.865479,16.278908
1.6083164,0.34887806,-1.8025337,7.523642,2.6257112,-0.20764065,-1.9853374,12.071421
0.78229487,1.4346244,1.7744656,10.586844,2.4802551,0.037469897,0.840096,12.677326
-1.328683,6.1119647,1.8137872,7.318737,3.7806573,-0.31721276,-0.5998614,12.070957
1.2492071,1.5709832,1.6369218,9.549096,1.3649808,-0.040875286,1.0417886,10.897422
-3.7691886,2.0373936,-1.7725372,9.004931,-0.14854679,0.74391085,0.8546433,10.512428
-1.1605166,4.350979,-3.5904617,8.8889675,1.6152416,-2.6446414,-4.536933,13.906
3.2081838,0.0074055977,-1.3637266,9.193571,3.9767892,-1.4474009,-1.2657077,11.466982
-2.5930667,4.900266,-2.9054797,8.273368,-0.3255097,-1.9089719,-2.315253,14.229271
-0.7004198,3.1868753,-2.864709,8.715875,-0.55561525,0.8956695,-1.5536451,12.311906
1.2775993,0.47871426,-4.45418,6.890836,-0.76442116,-1.7262479,-0.78063715,9.853957
-2.1469095,5.5260334,-2.916308,5.510709,-1.9937729,-0.46258512,-4.9480467,15.293719
-2.2318182,1.91882,-2.1658466,8.65345,-1.3147117,0.17440513,-1.3272263,9.483338
-0.48270568,1.1746869,2.6726267,10.398818,1.6647598,0.6659642,2.016843,12.390778
-0.900435,-1.3135461,-5.4972134,8.8884735,1.1054684,-3.6835716,-3.5332575,11.897858
1.8102026,0.90543485,-3.8350048,8.853816,3.0258088,0.2105008,0.17553179,8.124702
-3.0992875,1.8383976,0.6270061,8.2233,3.9199598,2.3782709,1.8464912,12.513957
1.3392507,0.3351687,-1.9923494,10.333476,1.2501969,-2.0231202,-0.52277005,9.801657
-0.6200742,2.4366488,-2.8441777,9.905215,-0.30722386,1.7295588,-2.4386442,11.19461
-4.98621,-0.62422436,-2.3075902,10.497006,-2.7291021,-1.6602327,-1.1432923,7.9497366
-1.2531292,5.629492,-2.5045717,9.354632,1.5817744,1.2042528,-2.699275,14.397787
2.7200913,3.5551531,-1.9855307,7.973697,2.884288,0.90581924,-0.39693806,12.057807
-3.4166021,2.327194,-2.7330732,9.474042,-0.9440475,-0.1969624,-2.4333704,10.279341
1.2813036,-2.7318933,-3.6718,8.696876,3.143439,0.83396035,-1.4178004,7.890392
-2.0968266,1.6818309,-0.85552335,9.251145,1.236482,1.1618941,-0.25023678,12.507079
-2.466577,3.4376533,-0.009664104,5.926566,0.4261498,-0.65528345,-0.5925438,11.638556
3.6145284,0.52247494,-3.6852407,7.8418202,3.2584507,-1.3753605,-3.217591,12.444269
1.657204,1.4828862,-3.1216223,7.274354,0.64243305,-2.395874,0.04537236,12.410114
-1.7358775,4.13542,-1.986863,9.825525,0.84098786,2.207103,-1.5714496,13.122572
-1.0146856,6.1873965,-2.467642,6.6558776,3.864831,0.006957466,-5.0927653,13.803902
-0.934962,2.5986273,-4.963374,7.36463,-1.0763475,-1.6817018,-3.406479,13.046786
-0.97574896,2.0526097,-2.0274212,9.232066,1.3270922,-1.4406608,-1.3300661,9.204862
-0.80157423,4.265569,1.9636627,10.216966,1.489177,1.5250789,-1.6644473,13.696564
0.65043646,0.24024801,-2.2439692,11.193721,-0.6158949,-0.21130614,0.68260413,5.7744374
0.7818779,-2.2127771,-2.1518226,9.940993,1.2047031,-4.6446934,-1.4811773,11.571788
-1.9394311,-1.4184986,-1.5598869,12.015982,-0.30557984,1.5638067,1.0165503,4.9808245
0.42943224,0.40763915,0.14556527,11.001546,1.4311029,-0.2728502,0.8649395,11.791255
0.34455416,4.1101665,2.2341886,8.937721,4.3263197,3.1438696,1.9966797,12.27926
-5.739839,0.29411647,-3.6919513,9.3666935,-1.4665316,0.17329942,-1.3342441,6.6990757
-1.1486548,3.7549925,-4.344586,5.565295,-1.244157,-2.4493842,-3.297592,11.616832
-5.3198977,1.8109688,-2.7704527,10.238218,-5.9985027,-0.3980592,-1.3795996,8.354626
-0.72649187,4.8705316,-3.807806,7.6825824,1.5325251,-1.4501859,-1.1345037,13.192488
-2.3739908,3.7602746,1.3433993,9.238654,2.9494967,-0.55182064,0.64575803,10.58713
0.6218981,-2.8677893,-2.0688753,9.311008,3.6401496,-0.26939097,-2.1927228,9.786707
-2.1833534,1.06886,-3.085885,9.265981,-0.8059569,-0.8424124,-2.4609659,12.168474
-1.6432061,-4.5848517,0.9682667,10.270082,0.2315378,-5.899651,-0.46030703,8.4179535
-1.0555357,4.988428,2.5366917,9.222899,0.9256139,1.3523372,0.5113577,13.396874
-4.169409,0.5380183,-1.9453557,9.169059,-1.1232597,-1.6453918,-1.4842587,12.498869
1.5062325,4.096862,-2.6875265,9.072901,2.5259016,0.9813094,-2.511033,13.553828
-0.56856173,-0.5774535,-1.5910162,8.639898,1.3029168,-1.4571958,-0.4569469,10.6952505
3.9503765,-1.3636014,3.7099686,11.753749,0.2023769,-0.73657453,0.67915,7.8743634
-0.041910633,3.2922156,-2.9967546,9.649033,1.1131717,2.3797598,-1.5578663,12.035474
-1.2361888,-1.8092818,-3.9436233,9.280382,0.8463456,-1.3822027,-2.5251276,10.41661
-3.339479,3.2010653,2.0308692,9.903844,0.4499692,-0.1733263,0.87539464,11.779085
-3.1739264,3.728096,-2.8225648,5.984063,-3.2995975,-0.7067753,-3.8698504,11.811304
2.4269547,-1.0351635,-3.4730697,8.513825,3.0878158,-2.8228054,-1.8993258,10.466647
-1.8038126,4.515928,-3.3869662,4.324222,2.1274714,-2.2810097,-3.359742,14.031414
-2.2269335,1.2907631,3.3243608,8.557211,1.4892102,-4.454493,0.71558803,11.634137
-2.66606,9.610735,-1.2035363,2.0816534,5.4564834,2.7362876,-1.5991255,14.621958
-2.257735,-0.318686,-5.7974586,8.613805,5.513844,-2.5154743,-3.7519414,10.636807
-0.23021196,3.5178998,-1.2642409,8.995059,1.2558388,1.4548848,-1.792663,13.673515
-0.87106043,5.8603272,-3.7110314,7.160991,3.3988411,1.0021434,-4.0204334,13.658351
