Coord1,Coord2,Coord3,Coord4,Coord5,Coord6
0.90377516,-0.106886394,0.25967425,-0.2922363,0.078054324,1.4406353
0.83828205,2.4997826,2.9238071,-2.1688797,1.7738725,3.1659105
-3.551688,-3.472724,-4.021423,-4.7439203,-3.4743881,-3.6847007
2.5127707,3.8770223,0.6684823,1.7716088,2.912785,1.5218074
-6.0716305,0.9862935,7.094628,-3.3953342,-2.690706,7.250389
-1.3667868,-1.8499143,4.172611,-2.7072155,-1.8766981,2.6375458
-5.292644,-1.9978341,0.1449454,-6.5808654,-2.9267988,-0.20394555
-4.3282323,1.2864285,-2.800889,-6.1746974,-0.10351426,-0.97342306
4.135227,-0.7202545,-0.30732584,3.5126386,2.1507745,2.494852
0.93867946,-4.575132,-2.003924,-2.0726097,-3.3622255,-0.93103397
-4.350876,1.6559895,1.7407641,-7.2853384,-0.010935329,-1.4429809
-5.1087666,-1.3825781,2.3086512,-5.17277,0.41359872,2.902342
-1.8014951,3.9656146,-1.4796039,-2.4414616,4.7295227,-0.008837355
-7.6013193,1.6292739,1.4843473,-8.154702,1.8411809,2.195638
-0.7344976,0.38227573,-0.92190784,-0.44764593,0.9425185,1.0616632
6.627701,-3.622612,1.2000707,6.4073396,-2.9593663,2.4088936
2.4629052,-8.6195135,4.4760323,0.5558423,-9.582625,3.3818126
2.5785823,-3.1176856,-1.5239433,2.7017968,-3.0326848,-0.34986222
-5.7395997,6.36543,5.7374682,-6.5307918,7.8573666,4.172884
3.2010221,-4.5915256,-3.0666084,4.060504,-4.5408072,-2.1438174
4.453949,0.14919423,0.10137291,5.1917386,0.27198246,2.4347906
-2.3895411,3.957462,-3.2258642,-3.59265,2.3154595,-3.1063204
1.6944658,-3.848842,0.95329344,0.027742635,-3.66712,2.008928
0.9436371,-0.09161112,-7.5576215,1.8286046,3.1282446,-5.522924
-3.3742666,4.116112,8.220801,-5.142112,4.7860646,7.102752
-2.0450206,-6.7966666,-2.512443,-3.39331,-2.8834455,-1.848939
-0.24457881,1.6759039,5.6635485,-2.2166746,1.970565,5.993249
5.363373,-1.0911286,4.1231947,3.7716484,0.93305695,4.723679
-1.4889601,-1.7063903,-3.3653405,-4.7644305,-0.5379658,-2.5546188
-2.9940565,-0.38384858,2.5518482,-4.239365,-0.7460018,1.8546976
4.8900194,2.51437,-0.36253604,2.3517892,4.0133924,2.204406
2.986072,-3.6424947,1.065083,4.1187906,-3.6113489,1.9873382
-2.01136,5.8742337,1.9878662,-1.0790923,4.8433256,1.1384987
4.328767,4.0943637,-6.3125567,3.7687747,5.497346,-6.054649
-2.1880486,-0.83845276,-1.9778732,-2.322968,-1.317793,-1.0992278
1.6628541,-0.9403146,0.87891257,0.48185927,0.44594988,1.8003658
-0.5337609,-5.9713607,-3.143844,-1.5061585,-3.9282022,-2.2011733
2.9951282,-0.2740793,-1.0292253,1.7554303,1.7979807,1.6103745
-2.3561325,-8.854317,4.2684093,-2.5664856,-8.053433,3.6572728
4.6181912,1.9324143,3.255129,-0.5257953,2.2182386,5.5816607
-1.7571204,-2.9696376,4.424837,-1.9579872,-0.96508044,5.5002866
-6.34284,1.3431039,6.4057994,-4.310298,-1.4359281,5.834065
-4.6459327,-2.1734695,5.5766907,-3.90633,-2.7640412,5.033647
-4.3305693,1.0647345,-7.936851,-6.8012257,2.0666595,-6.3725066
-1.4161407,-1.1475902,-2.1852498,-2.442445,-0.68750906,-1.0854664
-5.4170575,-5.1280785,0.62444335,-8.563333,-3.9138613,-0.06508163
-0.18038662,-0.8553715,5.4238243,-0.87901634,-0.5392073,4.967177
-0.12622856,1.8384163,-1.1992823,-0.72039485,1.3269554,-2.563294
0.12216334,-1.7921938,-2.9747448,-1.6237084,1.2304485,0.8543681
-4.353697,-2.733617,-4.587669,-7.662692,-2.9554634,-3.7029455
3.2677634,-0.5249234,-2.9582698,1.7165806,1.578579,-2.900434
-0.73090345,-0.30748525,4.0934405,-1.9150609,-0.6346997,4.558878
-1.5596347,6.8234873,0.7150477,-3.4573262,7.997767,-0.27312195
-1.16094,4.075216,0.009122269,-1.424156,3.087236,-0.8314311
-3.8027375,-0.41887575,1.2635738,-4.489651,-0.950904,1.220848
2.7584069,1.496105,-1.1877589,1.4208347,2.2793026,0.4075798
3.6410706,0.6250512,2.014137,1.7794794,2.1255643,3.2589881
1.3578093,-7.408564,-2.4160385,-3.3170798,-3.7444713,1.2168348
-2.4670892,-7.52491,-1.7081918,-4.1274123,-6.0501127,-0.9092537
-0.1714016,-1.6389595,4.0945177,-0.7019458,-2.2238975,4.108051
-3.0555384,-1.4132717,-3.3974571,-4.514106,-2.2572694,-3.2753239
3.2983265,-8.096386,-0.55383956,0.018838678,-6.50606,0.28509197
2.03463,7.5112157,2.8177555,0.17259583,7.2726836,3.3137255
2.9026875,3.7479255,0.48359668,2.1398091,1.9122529,2.5864098
-0.5511921,4.932384,5.031167,-2.4171233,4.815118,4.8591676
2.7804496,0.3225182,0.7799242,2.0559907,1.7486869,2.2477813
1.2878789,2.0125222,-1.4232609,-1.4336219,2.9812567,-2.6481388
-1.3064475,1.4678684,1.270382,-0.7871488,0.53129584,0.026228255
0.98726124,-0.071648076,1.3856335,0.080917545,-3.5720057,4.2249155
1.6373415,-3.2166672,-2.007518,-2.0481315,-1.3642728,0.46323982
1.6722507,2.20593,-5.9011297,3.1086342,3.905902,-4.911877
-4.2275705,-0.019886289,-5.5287704,-4.562409,0.81803113,-3.7553737
-1.9961511,-2.3120968,-0.706954,-2.411645,-0.7148332,0.98322225
-4.326823,-5.6478333,-3.6145234,-4.2695627,-1.2161479,-2.4786677
2.8477292,1.0038383,-0.18276209,3.7183356,0.8687538,1.2583786
-0.025189629,1.4266573,0.009977227,-0.3026013,-0.23868544,0.6719923
-4.6004343,-1.1736864,-1.3589433,-5.228745,-1.3097829,-0.28558803
3.7813947,0.73436993,-1.0799694,-1.716468,0.63937813,-0.77571005
-3.0716984,0.80253774,3.1015987,-2.2748954,0.13962519,3.9579904
-3.974885,-5.283136,1.689698,-5.183039,-4.7738323,1.3027184
-5.702866,2.41661,4.087975,-5.0523396,2.1044805,2.354963
2.5205197,-11.235227,0.7099846,1.0922848,-9.632485,1.7216941
0.59782225,4.786789,-1.9757998,-0.71242243,2.6089492,-3.717106
2.358434,1.76809,-6.348169,4.3175297,2.83457,-4.2899985
-4.306507,-3.691626,1.9121974,-6.660379,-4.1287184,1.7010777
-2.736842,0.9833905,-0.3676459,-3.93543,-1.2657949,0.36812726
2.4423783,-3.4525323,-2.0681214,3.690471,-3.005411,-1.848485
0.5093754,7.6791015,-1.573592,0.7289913,5.7955284,-1.3717192
3.8576136,-6.3679953,-5.130883,-4.3885098,4.671648,-3.9728138
0.13594036,-3.5877643,-1.2466749,1.2295121,0.4258645,1.2647779
-6.052811,0.61684006,-1.4968462,-9.357916,-0.16643173,-1.1817732
1.5129585,0.6252371,-6.9322834,2.469903,2.655819,-5.183343
-2.3654952,0.77072453,2.8484237,-0.72854626,1.5153084,2.0716321
1.2430844,-5.3395715,-2.6244256,0.5554437,-3.896083,-1.2831072
-3.4590414,-2.5524738,-4.4879427,-4.9311247,-1.5325544,-3.1128933
-1.9738237,-2.0117636,-2.8992267,-4.4053683,-1.663486,-1.1161041
-2.0512288,2.3853524,1.6782023,-2.8861475,1.0960827,2.0238464
-3.1354473,-7.6816278,5.678336,-3.984837,-7.2714505,4.042362
0.29976165,-0.60963196,-0.008695419,0.04262642,-0.3922584,1.4678725
1.3328834,4.4093122,-2.3464413,-1.0823854,2.724673,-1.9355557
-0.31793734,0.56596327,1.5842923,-2.657356,-3.2837858,1.8251429
0.6314612,-2.7292645,2.5798593,2.5137763,-1.693421,2.3578713
-3.043718,-1.5155234,4.0279045,-3.2384865,-3.1567988,3.900149
6.491459,5.0881357,-3.216811,11.324815,1.9685493,-4.902688
-3.9497287,5.757811,1.9480553,-4.930032,4.632412,-0.77051556
-0.43680403,-0.7640827,-1.4150714,-1.1644702,0.19398738,0.25253925
0.5351394,0.7514493,0.13113984,0.02002241,1.8288893,-0.12163701
-2.6506839,-3.5310614,-4.5129848,-4.618331,-0.70966446,-2.6151488
0.15138167,-7.7902513,2.4827223,-3.419199,-6.0828023,1.7582005
1.5434092,-4.1803713,0.56514966,-0.149077,-2.8220382,2.7492273
-2.33412,8.686196,4.5757146,-8.417113,10.903053,2.2206407
0.31471613,-2.5433526,-1.7855692,-0.48740673,-0.9896202,0.9908875
1.0926965,-1.8249995,-1.161952,-0.36600134,-1.1717727,1.1592805
-2.1733923,4.5535316,0.8634827,-1.8121153,3.161586,0.75898755
-0.31251636,-4.0704074,-2.7534919,-1.9411047,-3.767901,-2.3119771
-0.5015618,-0.44685572,1.4118565,-1.5619761,-0.66709965,0.98021024
1.6285282,1.2746351,-0.23781598,-1.465001,0.02518618,-0.8669437
1.9129171,3.5458522,-1.0549761,3.7605333,4.607688,0.18562557
-0.24188085,-1.467339,3.9109087,-0.50586325,-1.9464004,4.107485
1.4054583,-2.0407882,-0.27342206,-0.24918093,0.5241854,1.3815451
-1.9500395,-0.22660515,6.054324,-2.4450362,-1.6217912,7.6044517
-0.62650204,0.56848353,3.2635088,-1.717279,-0.17567044,2.6469555
2.508893,-9.086144,3.6686275,0.5749257,-9.974994,3.281197
1.2578443,1.5670227,1.639893,0.16740315,-0.58777195,4.925559
1.647464,-5.1929274,-4.0104456,4.5861197,-3.0173774,-3.885802
-2.1202364,5.3655133,1.4677453,-1.3658463,4.265886,0.8411797
1.5747573,3.2364078,-6.732472,1.1873509,2.9053068,-6.870751
2.3962522,-7.527777,0.21139866,-1.9743416,-6.0250607,0.19176142
0.15016305,7.8181367,-0.6489364,0.3339449,7.3963547,0.14440791
-0.8013083,-6.4808617,1.0227453,-2.6322303,-4.2633615,2.0711637
-3.83847,-5.578135,3.4768188,-4.1662145,-4.7531037,3.380757
-2.1367881,1.9996021,-2.342425,-5.3849,0.27609056,-1.2790844
-2.5921555,-0.28250322,-4.2853646,-4.3097415,-3.0163207,-4.9874816
-5.931062,2.7583892,4.3977947,-5.9867115,1.5041082,2.9022338
6.7631755,0.69145715,-2.5994575,5.536604,0.8288819,-4.0845933
-5.1921954,-4.5927267,2.4787307,-6.826117,-4.0993395,1.729865
4.944655,-2.5278373,-1.876955,4.3987007,-3.1503136,-0.92588943
2.6106827,-2.2556815,-4.440242,1.7601953,1.0046453,-4.4012427
-2.687985,-2.2537134,-1.3598089,-4.6196346,0.12873551,-0.8018811
-1.0829599,-8.444713,4.507567,-2.2880943,-8.961901,3.099254
0.92729867,-3.458146,2.834436,0.13064787,-4.2621884,3.8886068
-2.2844057,4.1789255,0.3588932,-4.313864,2.2112703,-0.16795756
-2.945337,5.020278,0.6147042,-3.9588797,3.5174553,-0.5361153
3.2356908,-7.2923045,1.3424717,1.242588,-8.000865,1.5016336
2.1679657,-1.4702729,0.5667343,3.169367,-0.942721,1.7423385
5.1693816,1.7295601,0.18085086,4.8899436,2.4441314,2.4673665
0.60880625,-1.5387717,-1.6729194,-1.6073444,-0.7141446,0.51326525
-4.8342505,0.2708739,-5.1172185,-6.023314,1.1530122,-3.0845695
0.47755504,1.9151895,6.065687,-2.383491,0.91736126,6.0752845
0.38298982,-4.1124964,-3.1823578,1.5904306,-3.475488,-1.9403518
-1.4657975,0.7093788,-1.2649686,-1.5349493,-0.50965214,-0.10238246
-0.14743496,-2.4957888,4.4346766,0.2433015,-2.7272365,4.8698306
0.9930277,-0.22252771,1.2916232,1.1973355,-4.8178906,2.042437
-0.96741766,5.7619443,-4.0072207,-3.4006586,4.723573,-5.6775837
-0.9556203,-3.2661223,4.6491714,-1.1085358,-5.2443786,4.6249595
3.4544783,5.6619387,1.240273,1.1190478,5.5001845,3.8705978
6.405701,-1.4424703,5.3835583,4.2026014,-1.0289822,6.4551206
2.5525186,-6.2986593,-2.0147238,1.2020543,-4.2377625,-0.6024219
-0.16255704,1.8779653,1.1902078,-0.39484486,0.5068054,2.4195518
-1.3362516,2.0782597,0.42803338,-1.3146417,1.8727075,1.5995042
0.5220928,3.2031908,1.6956857,-0.7989615,0.7257513,0.5868429
1.3930014,-3.4932134,-1.4165121,-1.6683159,-0.866948,-0.8380852
0.2935048,0.008108625,0.9458197,-1.0444183,-0.7742436,1.3658845
0.7596239,3.0192633,-3.1023912,-1.063991,0.44020113,-3.3866792
1.0539666,-4.373855,-1.5183194,-1.3332324,-1.4873339,-0.2662084
0.95436907,-2.9545085,-1.143358,0.93864274,-2.8365495,0.1138985
-2.9124916,-0.69554484,5.416745,-2.3865511,-0.59697443,7.127934
-2.1649477,0.66250575,4.096317,-3.2907624,0.43663213,3.2802389
-4.5879707,0.33513212,-0.45617408,-3.6828363,-1.6820949,0.49731714
1.9515569,0.5589702,-6.770479,2.4889405,1.2965529,-4.8337293
0.22519743,-10.095728,4.5351267,-2.093092,-11.201107,2.9190507
6.3801627,-4.3994594,3.4799902,5.9057055,-3.1205409,4.8566475
1.7293485,1.6415529,-4.7158117,-0.83268243,1.4718758,-4.9152784
-0.16677359,-5.7260985,-1.3146157,-2.2385106,-4.4701824,-0.7144782
-0.59900284,-2.82892,-1.5854551,-6.01656,-3.6016262,0.52797866
0.83274275,2.1922197,3.8196304,-1.29566,2.424598,2.4740126
4.0685105,-4.4407725,1.6286184,5.5747137,-5.360231,1.5097902
-4.4047823,-1.4940547,-3.1898122,-3.4809,1.2363805,-2.8207164
3.3331099,-0.46639267,-4.966978,3.2389462,1.7293702,-2.731375
2.0621848,-1.2000729,5.398731,0.88207734,-1.5261887,6.228783
-6.7625966,1.5494019,6.337376,-6.0846615,1.253044,5.958611
1.0898201,-1.1142848,-2.319279,2.1471143,1.1110883,-0.4119561
1.9481262,-5.9095526,-1.5446736,-2.7716372,-4.212879,-0.41188207
-2.5689957,3.6817868,-2.2837563,-4.041395,1.9001025,-2.9229937
0.2751312,-0.3443232,-1.8648102,0.6100091,0.8802514,-0.5921499
-2.3960576,2.0975134,0.66919035,-2.8466434,3.0638626,1.3151642
0.33772513,-1.3493227,-2.7700274,0.37915897,0.011777168,0.29501554
-1.2368246,1.7786779,1.6146507,0.18714073,-1.9784784,2.0643287
-2.0399897,2.2197304,-0.36408943,-2.8509467,0.59616387,-0.085386746
0.65645236,0.60573643,-0.504437,-0.22823423,0.46496168,0.15970816
3.3357537,3.6659746,-0.29857793,2.0235715,3.2951999,1.698989
0.860803,4.6781163,2.4028172,-1.4226922,5.146619,2.569997
-5.8733144,-5.2079234,-0.3798661,-7.039124,-4.096201,0.13831185
-7.620065,-0.12833965,5.890871,-4.933021,-2.3971446,5.2409315
0.0025901096,-5.289871,-1.3633512,-2.9581404,-1.7532331,1.1033387
-3.660934,-3.1948225,-2.8744817,-3.3613005,-1.9457748,-1.0407254
5.612005,-9.552301,1.1349682,3.1420414,-10.079103,1.531024
-5.3281183,0.3852951,-4.6501527,-5.849851,1.7995019,-3.5089877
-0.7570252,-6.5786967,0.97101057,-4.192877,-3.7479968,1.1090004
4.3495255,-4.506873,-3.0398362,4.472973,-4.3065834,-3.076429
-2.8070357,-2.255117,-5.3864217,-1.9820787,-1.022994,-4.3209863
6.266875,-2.7136753,-1.2636715,1.207664,2.8443136,0.777347
2.385814,2.4082413,-2.9024289,0.57431775,4.7710037,-1.4001652
-1.6388259,5.9746675,2.800852,-2.2997143,5.8794346,1.7955581
0.89691967,-6.241224,3.853085,0.33199406,-7.8754067,4.4651737
-2.9385343,1.810492,-5.2686076,-4.2604027,1.6489363,-4.5997562
2.4821389,2.471079,-2.6575596,1.2722584,-0.7530475,-2.5658915
-4.546836,5.163091,3.887235,-5.7409983,4.1082425,1.7157242
3.031276,-10.744601,-0.33299187,-1.3186657,-8.919592,1.4102038
-0.732974,-2.648917,-4.0903974,-0.6579857,-2.0895638,-2.321514
-2.445341,-0.8778903,-2.3129394,-2.6841629,-0.4419825,-1.2755376
0.2821524,1.8733975,0.10388026,0.03388346,0.06143838,1.7495531
6.7158513,4.972534,-0.819607,4.855696,4.863027,-1.3640364
2.496348,4.669253,1.7847556,0.9215649,2.8713844,4.130066
3.6286542,-1.4092246,-1.0542098,4.082529,-3.2578628,-1.1938328
-6.446268,3.8043609,4.5618997,-6.4113927,2.2130725,3.682114
-0.8417094,-6.0402937,1.1810635,-2.9647014,-4.0683546,2.7167327
-2.061034,-3.9401972,-3.5288112,-6.084188,-1.7078528,-2.8956554
-4.1321793,2.031024,6.2921433,-4.865428,2.7168667,5.988968
-3.300161,-3.058642,-3.0059712,-3.5662239,-3.0571885,-2.48909
6.0599194,1.4714282,3.9004402,2.623388,2.403349,5.367698
-5.197109,3.8030672,4.977209,-5.120449,4.2004876,5.198101
4.191958,-6.620239,-2.8852422,4.292526,-5.743701,-2.2654133
-3.5344117,-3.9351585,5.232442,-1.2630787,-2.256364,5.920359
0.28882188,1.6616638,-3.2722192,-0.5655494,-0.09156838,-4.437459
-3.082278,-5.032089,-3.8166783,-0.33354595,-3.519552,-3.597451
0.81493795,-2.777739,-0.92593604,-0.90130633,-1.3734899,0.59184843
-7.5268726,-0.32571614,6.031874,-6.226793,-0.08305724,5.598414
-2.5199413,4.5053525,0.6925259,-3.511429,3.6765735,-1.8284401
-0.6054108,-3.7029018,-2.7183926,1.2541276,-2.6861422,-2.1617186
1.7366259,-5.9022427,0.66002184,-1.7105573,-4.1918583,2.3635004
1.478937,-7.4686675,0.8079816,-1.6142434,-7.218648,0.7295372
-5.6400394,-2.550783,-0.3745695,-5.527495,-2.7677486,0.016082522
4.269214,8.221401,1.2272742,4.437496,7.1990795,2.9729676
-6.0846505,-3.5402892,1.143569,-6.7034373,-3.1038365,1.3124179
-3.8988287,-1.0057067,-4.766129,-4.2443256,-1.4937015,-4.298675
-3.247289,-0.34796065,4.643068,-2.154572,-0.3039296,5.705198
-2.137806,3.0890777,-3.5180511,-5.2855196,0.22656919,-4.1952343
0.9376826,0.99820733,-0.29730213,-0.6193283,0.60641867,1.3887511
-3.261993,-7.8121386,1.6684579,-6.309606,-5.9447603,1.1574595
-5.296549,1.9532546,5.893391,-3.5787728,0.65993595,4.011769
1.6600705,-4.469022,-0.23642096,-0.3137002,-3.2974193,1.5440781
-5.1098313,0.8241774,-3.999086,-3.9381187,-0.72625333,-3.4257014
3.721317,-4.079038,4.0215716,3.2465687,-4.781732,5.369541
2.3581078,-6.7781653,-2.8756878,-2.5736399,-2.8501294,-0.96433866
-6.0686507,1.1682299,3.7068183,-5.5230103,1.2929642,4.119402
-4.685761,-2.539561,5.582628,-4.0531635,-4.1231728,6.2525043
-3.1328673,6.2226267,0.4928678,-3.0006945,7.1267996,0.87148637
2.1657977,0.5878764,0.53609145,1.2418689,2.3509753,-0.1728598
-1.4868143,3.5330427,-0.92999244,-2.5741484,1.516703,-1.2119644
2.059259,-0.2853715,-0.84144926,0.2817325,-0.457502,-0.6123703
-2.7296648,3.0187342,2.135407,-3.2067914,2.214228,2.9375157
-5.76442,7.374629,4.649915,-7.672066,9.708813,3.6079671
0.033482358,2.392536,1.0692747,-1.5143721,1.266548,0.9571928
-0.40887365,-1.9821451,4.043629,-0.7678382,-2.7887955,4.315688
5.292482,3.027374,-3.1335998,4.2622848,4.574074,-1.7149311
4.5523953,3.2904627,-0.6105235,2.7997234,3.5220103,0.6118393
-3.6976452,-7.39031,-1.5266849,-7.323782,-4.3637533,-0.89533716
1.4994113,-1.1153464,-2.0652182,0.9917641,1.5408239,0.8556413
1.7425188,-1.1946249,-1.44612,-1.7588136,1.9886743,-1.7543739
0.63993555,0.09860928,4.805929,-2.3742611,0.90117466,5.844521
3.6523547,2.6215694,-3.2779007,7.869302,1.694705,-3.9034927
-0.11752761,-6.4087234,0.79593134,-2.9064016,-4.700438,1.251276
-5.63689,-3.6085413,5.5921893,-4.5532575,-3.4321544,4.994801
-1.8727293,-9.932086,4.0250716,-2.8153496,-9.258324,2.9015594
-2.7462656,-1.0498956,-2.37573,-4.8452563,-0.38956234,-1.4958298
-6.362436,3.6944563,2.9132333,-5.323722,1.2483845,1.262172
-3.8662298,6.4920335,1.9428074,-2.4943542,6.7664104,2.2508228
-1.1651169,2.6664429,-1.6960888,-1.4741445,1.0957831,-0.3498145
-4.9948688,2.487396,0.12347578,-5.9137697,3.618548,2.2422514
-0.0907219,-1.2009873,-2.800558,0.49847198,0.379222,-1.7040071
-0.46400025,-2.8235636,-3.175704,-3.6168232,-2.8672857,-1.5695052
-6.9049706,-0.58784467,4.6857553,-5.1848044,-3.3558023,2.7170143
0.49175975,-0.54806906,4.5908523,-1.2893801,-1.4674566,4.9230075
1.4444265,0.031927936,-2.211979,1.5036454,0.9058483,0.21977568
6.5932207,2.0568113,-3.07446,4.1336713,2.6694703,-2.1670554
-3.054982,6.0011106,-1.670737,-4.440098,3.3016548,-3.182872
-2.3492498,-2.8009129,0.3679237,-4.359228,-2.9310482,0.9059157
1.4424969,4.702057,-2.2292387,-0.219389,2.094243,-3.0173092
2.216716,5.2695055,-4.1286793,0.8857479,3.7491412,-5.252955
-1.0685446,1.9537419,4.162999,-2.6883783,1.419814,2.616186
-2.7474687,2.424496,-3.5376377,-3.7120967,0.44504666,-3.8749475
1.3672974,-1.8283515,-1.1401228,-0.93814874,-0.81613314,1.7913913
1.3620796,2.8164275,0.7461903,-0.86647457,2.1056168,2.3276963
1.4336152,3.4431374,5.340934,-2.9259,2.528765,4.7934017
-5.42434,-0.5138846,3.7157402,-5.3383584,-0.5987844,2.8547552
-1.0373784,-8.091306,1.82397,-5.45137,-5.6212993,1.5098485
2.7409537,-6.6238804,-1.5130018,-2.3661625,-3.6014884,0.53037584
2.8966253,0.019893305,3.8022878,0.41409555,0.33847338,3.8388896
2.3057313,4.06752,-6.300158,5.5178676,4.0410485,-4.5856934
1.5192821,-8.458086,3.799356,0.56000775,-10.266957,3.2792487
0.6651014,-3.9142673,-1.8843772,0.23012216,-2.579632,0.023836667
-0.5212188,0.9970928,3.7952695,-0.78884864,1.7389951,4.580597
-0.64890325,-6.099809,0.11333903,-3.9897673,-4.078725,0.77072775
1.530201,3.517456,-3.5025241,0.6504872,4.3804526,-4.3276258
0.38390326,-0.033260614,-3.513146,-2.8164802,-1.5134007,-0.8635253
1.6697917,5.051907,0.88297355,0.56373423,3.8482225,1.3972003
2.1487648,-6.868484,-1.9421632,-1.6833383,-3.6380322,1.2478629
0.7213119,-2.644547,-0.52158016,-1.1208832,-1.1722095,1.333664
1.5387133,-4.28579,-2.0903072,-1.1526254,-0.5966694,2.1344736
-2.707954,1.201485,-3.3054926,-1.9575198,-1.4780787,-3.418183
2.2578287,0.82543576,4.874141,-1.2059548,0.2784033,6.0500603
0.8016032,6.409107,-2.790798,0.91100675,5.2539964,-4.0226874
-4.490571,3.5368314,2.8468487,-5.177617,1.1263729,0.8838083
4.8174853,0.48012543,3.1790373,2.1080909,0.8024406,5.179286
-0.67294276,4.824397,-0.038540713,-2.0148094,3.4428506,-1.487824
-0.21808842,-1.5868385,-2.906195,-5.5338774,-2.0072076,-2.6917229
0.7394386,-5.724996,0.5803175,-2.6899679,-5.0368457,1.2880225
-0.114161246,-4.773082,3.245685,1.3381463,-4.8807335,6.085954
2.8634531,0.32201153,2.5020263,1.1515538,0.8602825,3.7993855
6.462373,-1.880824,-2.2332015,6.6251106,-2.9009497,-1.6461188
0.5580758,-0.99432415,6.5596013,-3.981205,-0.057783313,4.3384647
-0.138099,-6.166598,-2.2793422,-6.039747,-3.3165581,-2.1727612
3.535585,1.8790584,2.590113,-1.4744997,2.6216683,3.7107694
-9.636013,-1.1886162,4.5489945,-9.253349,-3.1063805,4.405525
0.8379176,-1.3227292,-3.1308424,-3.75912,-0.23326288,-1.7043961
-1.2345743,1.5257983,6.102217,-2.3747358,0.10767773,6.3194413
3.5536613,3.8415067,0.019224318,0.06409976,4.1432033,1.5555198
-1.6119598,0.1393652,-0.9137797,-1.5933826,0.7900208,0.26887888
-0.7335458,-3.917269,1.8923017,-3.43519,-4.3482103,1.4644715
0.012628706,1.1375611,-0.22191748,-0.1562763,0.47314215,-0.7934855
1.7106862,-1.4995526,-0.38880724,0.5072933,0.6641496,1.9800069
-5.811995,-2.88579,-0.83426076,-8.906954,-1.3733267,-0.49477103
-2.7572992,-6.71527,3.760884,-3.7864118,-5.302582,3.270522
0.27108693,2.7323437,-1.4458902,1.7804598,-0.1959266,-0.60467845
-0.7810036,2.4857264,0.6737037,-0.40689763,2.1132388,4.653305
-3.0812929,-1.3752455,6.088334,-1.6365633,-1.6306866,8.46291
-1.5347078,-0.78357077,-0.47704124,0.01996173,0.9799706,-1.0232388
1.855185,0.14115115,-0.66158336,0.5759677,0.54127574,2.0274806
-3.9371052,-4.093395,-5.741782,-2.751787,-2.3160048,-4.537967
2.9395278,0.9664884,-2.6133692,1.039829,1.9951226,-2.0613334
-5.760178,1.0618569,8.071984,-5.3798666,0.980682,7.5036945
0.5105952,2.105321,-0.20700698,0.42812887,0.1360666,1.1662415
2.46399,-1.2188956,1.1535037,2.0947108,1.1249658,1.4573511
5.608449,-1.0759288,2.3288527,6.005766,0.5762753,3.371077
1.1446893,-1.6628183,-2.7339516,1.5300206,-0.534803,-1.0688182
-1.5772461,-6.3614717,-2.5865297,-1.5077897,-4.863204,-1.8691775
-1.8788952,-1.8636893,0.006686002,-0.9884435,-0.90443516,2.0880136
1.0314455,-2.9401293,-1.5536458,-0.5027298,-1.6291366,1.161424
-2.2809339,0.01474148,-3.453564,-4.585521,-1.4242429,-3.4569829
1.9636372,-0.6167776,-5.756385,3.3704016,-2.4678419,-5.857726
-1.7105758,-7.3551693,-2.750948,-0.691286,-6.784459,-2.5680683
-1.5184895,-8.498135,-0.30522162,-4.5763903,-6.6722803,-0.28188643
-6.173426,2.249925,4.5225286,-5.08471,0.43298423,2.2085817
-1.4373878,0.15748113,-2.217017,-2.698439,1.4924312,-0.45229053
-0.98289675,5.538124,6.2227154,-2.8234951,6.586347,5.696351
-1.4577607,0.04931014,3.8910394,-2.1199734,-0.28622767,3.282931
0.14917949,-5.2872195,-1.24256,-0.57388633,-4.5234566,-0.14919417
-2.061142,-4.9035835,-1.6485169,-7.64477,-3.1910322,-1.0409983
1.6702101,-2.9665074,-4.17664,0.37477875,-1.0883936,-4.330873
3.1413252,0.6851408,-3.2326066,1.6564387,2.808807,-3.3955693
4.3285627,-7.1891646,0.8585771,1.8308473,-7.6425667,2.222708
4.028495,1.9992989,0.6637252,4.4687896,1.4923829,1.7941575
-0.9299481,-9.852477,0.33489665,-2.6536405,-8.68364,0.02836368
4.847447,3.58133,-3.3450897,2.5985668,3.2799902,-3.287543
2.502919,-2.6708593,3.2992394,2.9621546,0.07341337,3.9075444
-2.0197804,-1.0364003,3.8135135,-2.8213258,-1.2536949,1.7240788
1.6337289,-6.192358,-1.9448211,-2.150368,-2.7925801,-0.51811117
1.9646806,-2.3000593,5.1343937,-0.009030419,-3.7622793,7.0900764
1.1830308,-1.6971084,-1.2055178,0.90064126,-1.0447385,-0.64593714
-2.5607235,-1.0904772,4.226697,-2.1347537,-1.8681661,4.570632
4.555271,-0.3210902,-2.2373781,4.933533,-3.1690853,-3.401215
-0.26745838,-2.3168504,4.8511972,0.5056863,0.10243891,4.824948
-8.824911,0.5094804,-2.3384168,-8.416998,1.9060472,-1.3538352
-2.2513561,-7.467689,-4.0258512,-2.5315018,-6.2716026,-2.485111
-0.724121,-2.8028975,-1.7812928,-2.2391486,-2.8409266,-1.7099636
0.39377335,-2.3931065,2.76025,-1.1041399,-2.9350514,3.358832
-4.867214,0.25441006,-4.9220843,-7.0434613,0.10386854,-3.5471592
1.1128875,-1.7843456,-2.104255,0.9965447,-1.9905009,-0.7910771
2.8514793,-1.776701,0.64524287,-3.2953994,-3.7196841,2.029756
-0.39467984,-3.2256029,-2.4364076,-1.2103106,-2.849567,-1.5885512
-1.3115373,1.059712,0.23854682,-1.5845181,-2.0400767,-0.6247861
-1.1994153,-0.6683474,-0.73534393,-3.7084496,-1.784931,-0.22265907
2.1611202,-6.351959,-0.2080108,-1.5971069,-3.405724,1.8350296
-0.40837944,-3.945583,-0.06983089,-0.72322094,-2.7391052,1.7160335
0.75818825,8.8795395,-0.021440465,1.3672957,6.213629,-1.3318189
-5.4568205,0.88202566,-5.9124165,-6.90953,1.9578593,-3.2004094
1.5692236,1.4537617,-2.2239387,1.1078142,1.2477554,-3.3464656
-0.48824072,6.0860767,-2.8036027,-1.4740181,4.439742,-4.442385
2.3354223,-0.35465255,-1.7026135,1.8164246,1.1746974,1.6821692
-3.64624,5.2517495,-5.015563,-3.8222988,3.8398376,-5.6517873
-1.1339234,1.4987748,-5.9190507,-1.295242,1.3177673,-5.322952
1.8929305,6.4357247,7.1741614,-1.0691718,5.0178614,6.402385
2.86987,5.999367,-0.8390591,1.1805228,4.6451178,-2.8976843
-2.476146,-4.8002315,-4.681024,-0.73115104,-3.4538054,-4.3055205
-2.5301235,-5.661653,-1.4447907,-4.4332657,-2.3485084,0.14743719
-1.8193785,8.188725,-1.4334545,-0.8546859,6.503737,-2.0618553
-1.4442636,-4.274544,-4.8878784,-0.37220338,-2.0024803,-4.396332
-6.264715,4.0894337,4.480795,-6.3809276,4.44146,4.0203104
-0.30825958,-6.377937,2.3294017,-3.915457,-6.6605167,1.8918883
-5.6799426,5.511688,5.727983,-4.8482304,5.5996246,5.078731
-2.553617,-2.7403502,4.9906573,-2.0538914,-3.2310724,6.0352554
-6.624127,0.1189733,0.28538522,-7.628143,-1.5362862,0.025751946
4.6760516,2.2630358,-2.6744833,2.0724547,2.7668712,-2.1000624
2.818889,-0.5697349,-1.3078661,-1.7102257,-1.0804778,1.4148991
2.3144538,-0.92677766,-0.76633555,-1.5683448,-0.6433129,-0.2742698
-1.526756,-2.5066035,-6.2408204,-0.3827487,-2.9257877,-5.9259605
-1.0760419,-1.0559214,-1.6536605,-1.9782308,-0.5583059,0.3562511
-1.7491369,-0.3428998,1.1490495,-0.2552549,-0.7106705,1.8528465
1.335791,1.9115709,4.7892485,0.33604166,3.367364,7.508935
-8.749164,-1.5962706,2.595305,-9.777891,-2.679875,1.424609
1.4591535,-2.7986624,-0.7579119,1.4609737,-1.8535227,1.3043581
1.5584427,-4.867715,-1.00567,-1.6532419,-3.3435667,0.44044036
0.5591107,1.5116705,0.6451228,-1.0295669,1.0779558,1.088424
1.8718162,3.8805366,5.359111,-1.5386211,3.3793032,5.6808667
0.49769405,-2.1967263,-0.6359338,-0.9290851,-1.449278,1.2615181
-2.1773095,-4.9572973,4.5222197,-3.9958816,-5.5766354,4.479445
4.022624,-4.1033354,0.093937136,0.08326237,3.308143,3.5283704
0.09808187,-2.874281,-2.488942,-5.3672876,-2.0089488,-2.8229687
2.909037,1.1763474,0.6898951,2.3695328,1.3325353,2.6391468
-7.198826,-0.90777016,0.43509775,-9.299397,-1.1869718,0.7156171
4.499399,0.1473976,-3.1195676,3.081957,0.82260317,-2.0487397
-6.3203826,-0.20357075,-2.0305696,-5.049138,-0.9990028,-0.6402128
-4.98894,5.807212,3.3621113,-5.367701,4.6114645,0.868927
1.5281019,0.16930959,-6.2082644,0.8161201,0.2606611,-6.1237197
1.5932711,-3.383787,-2.4819012,2.549975,-0.5206536,-1.3202108
-2.1326327,-0.41150117,-4.1875196,-4.94495,-2.5143938,-4.631917
2.3441744,6.770606,-0.35947376,2.2169647,4.678424,-0.049399965
4.6804585,2.0806916,1.3780917,1.4361744,3.2893598,3.4183915
0.56997395,-9.2031,0.37787446,-1.5624443,-7.603136,1.2609504
-7.4560103,2.365058,2.505821,-8.267959,0.074076645,1.6095058
-2.0594542,-0.6515695,-5.1277103,-6.698265,-1.5413777,-4.823591
3.8447514,-6.4708266,2.7310236,4.3875694,-6.6905627,4.100514
-1.1559093,-8.952282,-1.0058364,-5.3691306,-6.068284,-0.8845774
-6.298557,1.1647229,-1.0266585,-7.5451975,-1.324182,-0.5277641
-1.9473983,5.295636,-0.14147456,-1.6536082,3.9596734,-0.26617324
-1.7303082,-6.2632613,-4.6616464,0.92958456,-4.8730927,-4.5806975
-7.173332,-1.6188513,0.15500557,-8.629524,-2.4389672,0.20000009
-1.8080312,0.34513646,0.16351205,-4.2601113,-1.577678,0.293482
3.816278,-3.5405068,-2.8013349,4.286217,-4.1911793,-1.9241168
1.345892,1.2181422,-0.0751136,1.3725677,1.609685,1.8520143
-3.301893,-0.19842564,-6.9689426,-4.2664065,0.14689104,-5.2779846
-4.301268,0.70288146,5.4162683,-5.172299,1.4012225,5.518433
-3.260432,-1.0599238,2.9504175,-3.7967253,-1.1801287,1.2228013
-5.846952,-2.5953023,6.3871064,-6.086272,-2.0511572,5.246333
2.3151019,4.8060317,-0.72056234,2.1106668,4.591839,0.45774102
-2.7108746,4.1723714,-2.4577608,-4.613037,2.0733056,-2.5011346
3.9172761,5.118666,-2.1924644,4.3131146,5.7176895,-1.3538036
-2.066698,0.336249,3.3181717,-2.436672,0.34957415,3.739822
4.055486,-8.575973,0.25216448,1.3399317,-8.140627,1.0544246
0.19600694,-0.590682,3.5754478,-2.0151098,0.62307006,4.2075214
-4.523598,5.57475,7.3875217,-3.7874053,5.47613,5.707146
4.7667427,-9.229534,4.653494,3.571258,-10.305198,3.7200131
4.5482283,-6.7133555,-1.5475733,2.4535253,-5.2795253,-0.506028
-1.2024578,-7.959015,0.95988286,-2.9553497,-6.911245,0.7443574
0.334825,1.2110562,0.60200477,-1.4266527,-0.01882052,1.8450311
2.8155513,5.631617,-0.6507666,1.8169869,5.2056017,-1.2670618
2.3708673,-4.4963,-1.0347512,-4.841815,-2.971132,-0.84195375
3.0490875,1.2186819,-3.9325783,1.3918144,1.6520808,-4.0288734
5.5173874,1.9301715,-2.209744,2.981537,3.7045085,-0.45392904
1.5779393,0.823831,1.570676,0.3520411,-0.8063959,2.0423286
-3.021939,2.9927664,-3.4091854,-4.7961245,-0.27886164,-2.9736943
6.091572,2.955001,-3.646432,3.4648137,3.599171,-3.3647587
-4.5011425,-0.6379461,-2.4698942,-4.694789,-2.3290684,-1.5636277
3.4910994,-6.745962,-5.0630317,3.4806333,-5.214179,-4.1630106
-1.1189632,3.308693,0.5910305,-1.465639,2.9201639,0.75821555
-5.674921,-0.22665343,-3.0524836,-8.189189,-0.9397984,-1.8054469
0.4600823,-2.7155347,-8.221207,0.40843034,-1.255004,-7.967335
1.1649349,-1.695686,-1.6226562,-2.7782414,-1.3264298,0.27050158
-5.834804,2.3823438,-1.7420013,-6.778821,0.3867953,-1.4243642
-0.35544685,-3.0596464,3.320245,-2.7788785,-6.2114124,1.951232
-2.4934237,-7.2916737,2.1089776,-4.2669396,-6.014403,3.4361982
-0.49540013,2.2336705,1.7238874,-2.0835605,0.88097614,2.636432
-2.3916261,2.3609388,-0.09045056,-4.599975,0.86607355,-0.8025423
-1.7400167,-0.5496489,4.932731,-1.633431,-1.5172886,5.049028
2.026356,2.1765702,1.8149685,0.5920678,1.2525442,3.6972818
-3.579242,-1.3429495,-2.6827185,-3.7107074,-2.2072563,-1.998544
-1.4524604,4.8246922,-2.7306538,-0.9648993,3.6223702,-2.660791
3.9946055,4.7822814,-0.60302746,2.2176178,2.1777422,0.6217142
3.5287883,-2.5766597,4.655461,4.824388,-3.2490945,4.9546833
1.6975709,-3.7765112,5.3234105,1.0323539,-4.7461147,5.5720143
5.477632,-5.569998,-2.9151683,3.6562366,-4.7722917,-2.37775
-5.7477417,0.7014067,4.7785425,-5.7116113,1.0583552,4.347393
-0.88113993,-10.469199,3.1648395,-4.59325,-8.552128,2.207302
-3.1786032,-1.5441073,-4.1579843,-6.269381,-0.9256877,-2.3251016
-3.0605268,-3.2066348,-4.1116815,-5.078166,-1.9674336,-3.087339
-5.281572,0.20156643,5.990694,-3.5201283,-1.3606089,5.6043596
-2.459977,-4.3037233,-4.8367953,-2.4087288,-3.6969893,-4.05404
-1.0562344,6.455913,3.3357685,0.24089663,6.43718,0.99216455
-2.4914372,-7.7571664,-2.2054672,-3.9929485,-5.873997,-0.79098225
2.101637,-3.3934557,-0.7376967,-1.7927955,-1.734927,2.5045311
0.60250586,-1.8462194,-7.52424,2.5038512,-4.1042337,-7.498267
-2.045456,-9.682982,-3.431141,-4.764822,-8.112985,1.7728068
-2.8841097,0.08224567,-8.187494,-3.2034707,1.6615274,-7.165609
-6.5952234,2.0646923,0.110303015,-7.617663,0.68130106,0.6707595
2.6784787,0.53555554,-0.39585748,1.9052237,3.513803,0.5419213
-1.8897488,-2.4192417,2.820109,-0.906524,-1.4731872,3.2017312
1.7172436,2.6995893,-2.0439358,0.043424904,2.4543078,-3.3621266
2.7993674,0.46045446,1.3754225,0.8010822,0.0033957148,2.840515
1.0191268,4.787247,1.2771761,-0.65012324,5.0511994,1.9742131
-0.85083306,-1.2372122,3.4370434,-2.0772297,-2.033467,4.3822603
6.2810807,-1.9943713,2.038669,5.324279,0.089634486,3.71056
-1.1493711,-0.5111183,4.620492,-1.8878477,-1.30853,5.3040094
-0.2797234,-1.4087404,-7.8630643,0.7170851,-1.4498277,-7.0754566
-1.7166435,5.1408024,1.8062363,-2.0270665,4.8869023,2.3626642
-4.9352593,-0.16034104,-2.5162838,-5.4674196,-2.2594125,-1.8978537
-1.4941835,6.441496,-3.1735535,-0.98700255,3.5443683,-4.051973
2.3127685,0.47748134,1.3947221,1.422253,1.6132993,0.83423334
-0.032324594,0.89470357,-6.393101,0.09855446,2.3402686,-5.8039093
2.8101346,7.625234,0.07344627,1.7778817,6.9862475,1.9252605
4.263744,4.289506,-3.832956,1.6492068,3.0675986,-4.8476315
-5.2492566,-1.5583476,-5.179511,-6.780584,1.1093477,-2.0805492
-4.836085,0.6353725,-4.3480535,-6.02259,0.0193037,-3.0266972
-1.2649336,-3.6078029,-0.7445714,-2.5626109,-2.9682682,0.12091407
-2.4706976,-0.47196376,4.650867,-1.484978,0.08495424,6.2875915
0.8606675,-9.680478,2.6726284,-1.7559195,-8.785639,2.360729
-3.655762,5.869716,-0.27117956,-3.9212565,5.09888,-0.7628902
1.9701568,-3.759771,-1.4088783,0.50196916,-3.4805412,0.29962435
5.2559752,0.027582902,-4.0115957,3.2783694,0.8739228,-3.9307172
-3.2023425,5.01794,0.5979251,-2.4430935,3.610418,0.64181155
-1.381359,-3.0843778,-1.7175856,-1.8488611,-2.5940585,-1.386507
-0.021046136,-6.1134152,-4.7928076,0.45132565,-3.2847314,-4.914027
-5.9837675,1.2837863,-2.6366506,-7.495234,-0.21555023,-2.2166028
-7.6612334,-1.2425046,2.8850677,-8.23899,-2.2281916,1.5230229
-2.5097332,5.2507987,-3.383441,-2.8119395,3.9950943,-4.7626286
0.15340321,-2.5842023,-0.8909499,0.19816482,-0.38247356,1.2329904
2.700042,-1.4247699,-1.2879559,1.4201986,-0.47795963,2.5190678
0.038678214,-4.0942793,-7.2824907,0.44236034,-3.5087924,-7.151681
-9.404458,1.0507252,3.2564464,-9.403485,-2.0456223,0.5936842
-1.7038555,0.02949208,5.6468234,-1.9911332,-1.1124275,5.9674892
-3.877912,2.9958017,7.480594,-5.2472696,3.165891,6.6015353
3.2255776,0.6458926,-1.522238,1.0289456,1.7928317,1.7629049
-0.6503907,6.5494776,0.7924093,0.38274086,4.9256344,-0.32059005
-5.8395095,-1.5573324,-3.378962,-7.149611,-1.9076961,-1.2380426
-2.3267145,3.4352016,6.6240273,-5.1506777,1.8691622,5.1791153
-1.0391285,1.029294,1.6923796,-1.9866619,0.39870608,1.7402316
-4.089405,-3.592684,4.8140106,-2.0926282,-3.1984763,5.3078885
0.140613,-5.845603,-2.9099777,-4.1801343,-1.9260191,-1.1625521
2.7187307,-4.3003607,0.39313558,1.3615692,-4.851707,1.7879455
6.2575836,-6.306675,0.54638445,4.3770804,-6.568548,2.0845208
2.1880105,-0.38747784,4.8897033,-0.11003341,0.57653815,6.113954
0.10386867,2.223871,5.7114153,-1.4847624,2.6652377,6.574475
0.42234755,-1.7176278,-3.1321542,-2.6849718,-0.76653194,-2.6005313
0.24559636,-9.313267,1.6236002,-3.9578683,-7.983741,0.9060105
0.5994325,6.633342,0.94020206,-0.49428982,6.0013866,-0.08594817
-4.434894,-2.5940263,-3.3122408,-4.4110985,-2.1473682,-1.8781139
-0.7190305,-11.863025,3.0722473,-2.368083,-10.550857,2.5102448
3.5304177,2.3414986,-1.3256923,0.5308543,0.4066976,-0.62180567
0.79656076,2.0351508,-0.6431334,-0.5103174,1.5118724,0.32513848
-3.2400365,2.2695296,-0.34517312,-3.1388855,1.3290346,0.81851757
1.5192341,2.0095215,0.44053236,0.78819084,-2.39042,0.38339704
-5.720354,2.169309,-1.9766977,-7.931971,1.6969256,-2.4636312
2.778941,1.3155972,-1.1946228,1.1175549,3.7392995,0.9461399
0.8426291,-2.222379,3.7671156,4.496683,-4.609308,3.2776496
4.592015,-3.7615569,-2.1379333,0.6857814,-4.0988464,-0.5241455
-6.9570694,0.6039543,0.7487379,-7.4457226,-0.14600034,1.3102838
-1.7409283,3.744009,-5.4096394,-0.89401615,-1.241187,-4.5703464
-0.9265695,-8.091165,1.1803246,-3.0326843,-6.65888,0.824618
3.0606616,-2.2409947,1.8202628,2.3270407,-1.324981,2.6208768
0.8688492,1.3290806,-2.3486493,1.751407,0.5310875,-0.9606292
-3.4869943,-1.6712859,1.3189378,-3.4001822,-1.6176074,1.7842426
-5.1481028,0.8726179,4.2349124,-2.5706995,-0.18932617,3.7936933
-0.009545036,2.248873,-0.16553773,-0.53397197,1.5417645,-1.3627764
-4.755679,2.3521361,-1.8417245,-6.7064676,-0.15839382,-1.5599061
-0.61807144,-5.912788,4.8136535,-1.6038462,-6.983605,4.4320045
0.60763806,-0.44664553,-2.4673696,-1.8958524,1.2710263,-2.062176
0.6707844,-3.8375573,-3.2153258,-1.1226773,-2.6450877,-1.9350662
1.3912873,-2.7125914,-0.20042048,-1.423385,-1.7200974,0.5538719
-2.2015288,2.0345995,1.7146631,-0.9580639,1.735691,0.6466235
2.2295606,4.75904,0.39014295,1.0095681,3.2167556,1.6768305
1.2090876,-2.0786872,-2.045406,-0.0653174,-0.1670502,-1.4697802
0.6589439,-1.8695046,-1.4409909,-1.8033838,-0.4428484,-0.47357807
-6.660436,-0.7491289,-0.38037786,-7.049881,-2.4297237,-0.15956786
1.9100398,1.1633325,-1.8972886,0.67014676,0.5891673,-0.39551178
3.3394527,-4.1098723,-0.35790342,-1.7288476,-0.19676417,2.4306648
-3.984028,1.4713615,-6.2852063,-3.2295053,2.4223633,-5.5585437
-1.0003505,1.2730157,1.8802652,-1.4157727,0.42441705,3.0742857
2.1356313,3.5994925,2.2637289,0.042123627,1.3215022,4.7043905
-4.3679695,-3.201345,-4.128694,-3.9229646,-3.1133406,-3.5530097
2.3418932,-2.2382185,-1.3314502,2.4362416,-0.3084401,-0.73008156
3.6951199,-4.2468014,-4.825055,2.5956297,-1.5346155,-6.215421
0.16060214,-5.156099,4.141695,-1.6971372,-5.7515383,4.7121086
0.5601498,3.7168498,-6.737423,0.8140951,5.984255,-5.548725
-2.0281515,0.52221036,0.90094626,-0.10309154,2.1946082,2.8190536
3.428177,2.2615335,-3.7560449,1.9194161,4.0652285,-2.7264602
3.4667206,4.47788,-2.7761369,1.4893064,2.9434426,-2.7289727
-5.4461026,-1.1732717,-5.2701726,-6.4596443,-1.2384312,-3.7596998
-0.776493,0.0021152506,5.429773,-1.1790776,0.26582646,6.7273464
4.800955,1.7938225,-2.3489237,5.3795714,1.4049345,-2.3417978
-4.489766,-1.1027578,-4.389405,-7.6110015,-1.7039481,-3.3383095
-0.028931897,7.151679,-3.382153,0.6176841,5.6342034,-2.9303548
-2.0653977,4.4993067,3.592137,-2.0128868,4.2168627,3.7784016
-4.542159,-1.2256477,-4.6787004,-6.2677274,-0.8357104,-2.9808416
-2.2176793,2.5872095,4.4163985,-0.21143574,3.371062,1.8624821
-3.5893712,-5.793066,-1.0092646,-6.07677,-4.568569,-0.96239245
0.35151082,-2.1520038,0.06354915,-0.12518823,-1.4601531,1.8917834
-4.5053596,-0.6389386,-1.4800982,-3.9890487,-1.3423324,-0.5395919
0.032466322,1.2831504,-2.1155019,-1.0722206,0.39621606,-2.4435585
-1.1125156,-4.419638,4.988791,-2.374949,-5.661328,6.045035
5.6726627,-2.8584776,-2.0835567,6.268861,-4.6352587,-2.1629534
-0.43426365,-0.26653484,-2.791297,-1.7342372,-1.2531,-3.5323048
-0.21998894,-0.44412747,2.8901277,-1.7733122,-1.3189411,3.040434
2.5287025,-6.931975,-0.2597063,0.73044455,-6.09577,0.42586538
-1.8026152,5.2224536,-3.3272579,-4.7517796,1.7672477,-4.245091
-0.4735255,0.65254897,-2.1613576,-2.6642146,1.7218103,0.676767
2.3120847,4.8968964,3.4255598,-1.1477662,3.4996495,3.7291687
2.4119291,-2.5861351,-1.92143,-4.019089,-1.6284509,0.045986455
-1.7693131,2.8887086,-2.5056953,-2.8928945,2.2868812,-0.61272544
-2.1181018,2.8440776,5.429609,-2.8339891,3.3518915,4.948045
6.084615,1.0510626,-0.9386463,1.7030377,3.794274,0.41287974
2.8517494,3.5464556,-1.0648335,1.3474195,5.237831,-1.0649341
0.053343162,1.9529165,-3.003916,-1.1252449,0.854558,-4.0865316
1.4567658,-0.50722075,-0.5178659,0.08952258,-0.7479437,2.163614
6.614724,0.49169585,-3.3317795,4.0321336,1.500692,-2.9459302
0.68151087,-5.7057853,-3.402859,2.2559311,-5.759808,-3.4731698
4.084325,1.5625,-1.3971052,1.8617373,-1.2012222,-0.5494217
-1.4256217,-7.874919,-3.2357733,-2.5751321,-5.976816,-1.7679645
0.22544283,8.276704,-4.645532,-1.3472499,5.8381,-7.258465
-1.5875534,-7.6895323,3.6220589,-2.7283657,-7.6860437,3.1354244
-0.874644,0.31650382,-2.5864406,-2.7646484,-0.40588218,-1.3277701
0.84211886,3.145581,3.7966063,-1.9724411,2.6132581,4.0376477
0.55948734,-4.801045,-1.714166,-2.0813377,-2.0875626,-0.12412297
-0.26642573,-3.668507,2.5368385,-1.3416853,-0.34268883,4.182585
2.7177346,-9.371089,4.205155,1.1905206,-10.920724,3.3506465
-0.98580456,3.5153291,2.507101,-1.8993614,2.6926403,0.23771282
4.3849816,-0.5649129,-2.4159284,5.0169506,-1.047317,-0.76276135
5.685258,-5.8399158,0.41863126,6.3670063,-5.264633,0.59128225
-4.2691503,3.4909163,-1.830573,-4.943088,1.8315858,-1.6853349
2.0617123,-2.6519258,-2.0131228,-3.831513,-2.0620615,0.088833384
1.1679393,1.375072,-0.41941383,-0.16281982,1.2453551,0.32579616
-0.82010055,-7.718053,-3.1683257,-3.682333,-4.4251,-1.6790888
1.2666007,-4.97077,1.0812284,0.00858609,-4.853065,1.7190514
1.72922,-0.6102785,-1.9804305,-1.6562821,1.408642,-0.36555287
-4.4492607,-1.3792081,2.9181345,-5.4406743,-0.1248957,3.6336327
-2.798375,2.8223577,-0.65358937,-4.1379,1.2276,0.3023219
-2.1058145,-0.5972618,4.6541033,-2.8569605,-1.1347489,4.0810475
-1.931635,-3.4131901,-5.5047483,-0.03696751,-3.4590921,-4.9518104
1.0924339,-0.6249584,-0.9158077,-1.6443424,-1.7183498,0.31606764
-2.0424106,-3.2342749,0.094452076,-3.7814221,-1.9030485,1.9037724
4.3620605,-1.4851333,5.0500417,1.277713,-0.11057727,6.419905
4.3477545,-7.2462363,-1.1352612,0.79067326,-6.2824097,-0.21301353
-4.0225677,2.7986012,3.4715142,-3.5159712,2.5382586,3.9713514
-1.273979,-4.591993,-1.9306507,-5.9947243,-2.6113057,-0.7231362
1.6198972,-6.691858,3.0609741,-0.06296634,-6.4945927,3.8604383
1.4033517,5.1808887,-0.8291902,-6.669716,2.734195,-3.537159
3.6612637,-4.7485795,-1.4054177,3.0895884,-4.4350533,0.2979898
5.0098405,-2.0577517,3.940309,3.78081,-1.0682173,4.658473
-0.65345836,-2.0661886,0.26708287,-1.2759953,-1.2882928,1.7368145
-0.70233023,1.3358766,4.001369,-2.721974,3.1234229,4.7520924
0.8887314,-3.8996825,-2.2167647,-2.9160995,-2.0042133,-0.5791347
-2.7403195,0.32539967,-3.6018183,-3.8126473,-0.57818156,-3.2277913
5.2193413,-2.9452364,-0.83160037,4.001012,-4.7272754,0.21173939
-0.38541618,7.8995123,-0.18222831,0.44852242,6.14627,-0.6056505
-2.7493243,4.7121477,-2.598387,-3.5548358,2.7724364,-3.9844692
-0.5768022,6.4434114,-2.3210833,-1.9768374,4.343021,-3.8418853
0.8478567,-6.153185,4.385324,-0.33732334,-6.737842,3.6883593
-4.9540834,1.4919431,1.2357697,-4.5697227,1.1277221,2.6683462
0.36645964,-2.0041811,-0.7021764,-2.0703623,-1.22319,-0.13568316
2.6535301,6.003311,-5.0598474,2.8906128,5.634719,-5.2966533
-3.6037593,1.2971011,-2.5594573,-4.1919026,-0.34522837,-2.1163342
1.884765,2.1571562,0.6705467,2.1511042,-4.1851983,0.13837805
-0.019334394,0.3581818,2.6802702,-1.4096606,-0.4941463,3.3140478
-6.2916,2.2051313,-2.2895858,-6.3215127,3.0793152,-2.581147
-0.30669144,-2.235912,3.038551,-0.08645715,-3.5939252,4.41479
3.077378,-5.5605206,-1.6655595,2.922573,-3.5827367,-0.5236472
1.6974359,2.2068963,-0.1616817,0.046220742,0.62129235,3.2472472
5.03597,-5.3730407,-2.679237,4.6331778,-6.422822,-2.6683679
-1.9551095,-4.833642,0.63657415,-4.6806717,-4.0471807,0.4926774
-0.4208867,1.4158149,-1.6580411,-1.5780535,-0.52947104,-2.8831625
1.4106114,-3.887365,2.0081825,1.0826107,-3.2514975,2.6371903
1.0949194,0.43474436,4.3838167,-1.135734,0.45158863,4.836579
-1.9887176,-6.1934576,-4.8889084,-0.8435503,-3.9825718,-6.6209645
-5.1526504,-0.5406239,-3.2072988,-7.0259857,-1.0801898,-2.090528
2.8681228,-4.2093086,4.557009,3.174263,-3.820117,5.440875
-3.2087567,-3.4458432,6.0500355,-3.8511481,-2.700177,5.4452915
-2.757545,3.1954815,1.3392698,-3.1093614,1.1573343,0.45521668
2.3536448,-5.969495,0.42872375,-0.114872396,-5.307358,1.2202542
-3.7423365,-2.554086,5.347393,-2.415935,-2.2881784,6.7586417
-1.7050184,-8.119885,-1.1149108,-4.35583,-5.616356,-0.04744892
0.5149367,-1.3977207,-1.8751757,1.0088615,-0.2240255,0.153125
-4.6597404,1.7529323,-6.2433243,-4.8712645,2.0506794,-5.1713443
1.3477054,-4.605645,3.2249799,1.124676,-5.935078,3.9316561
1.809087,6.1331186,-1.6748298,1.0844109,5.362967,-1.7215993
-7.264082,2.6568525,1.8047532,-8.522484,2.7071466,1.5370195
-6.8490434,0.5156165,5.544578,-4.5174446,-2.338733,4.8953476
-2.1710746,0.650338,4.0532365,-1.6799482,-0.07660734,3.518272
-4.385119,-1.5552118,7.155883,-3.172697,-2.867353,8.174761
0.5797574,1.9218752,0.3913458,-0.90475965,0.7809323,2.1480694
0.4182936,3.7965896,-3.7607038,-0.63920367,2.2122607,-4.898757
0.8573746,-0.26351398,3.2415812,0.33634934,-1.3752373,4.9278574
-5.829972,2.611736,7.106071,-6.6039915,3.8772204,6.9996476
0.8860009,-5.3564186,-6.584321,2.7641177,-5.480563,-6.597156
5.519138,-4.1502795,-2.599904,5.806275,-4.369357,-3.4989932
-5.3141646,1.1299893,-1.0277476,-6.8942194,0.040743135,0.32292202
-1.7039963,-8.341436,2.4017477,-5.280386,-5.872231,1.7673925
-4.4896655,2.336298,-4.910872,-5.36586,0.51151764,-4.408078
3.1087005,2.5997937,1.2066618,0.8152597,2.3018868,2.8115323
2.112712,-0.3053515,2.8950412,1.9091005,-0.98162186,1.878524
0.85528815,2.488787,-2.497893,-0.02943715,0.62357837,-3.488657
-1.156369,5.4683075,1.7599474,-0.4654145,4.562132,1.5353092
2.2173796,1.3260409,-3.8026326,2.6686556,0.53850853,-3.4437442
4.1648455,-4.1433635,6.9502587,4.091456,-3.3393297,6.152151
-0.455667,-1.9982113,-1.3897644,-3.652757,-1.5836799,-0.22199436
3.3424797,-1.9037426,-5.213528,2.0287235,-1.5732912,-4.61283
0.80885565,-5.006283,6.995549,0.34441543,-3.997431,7.684255
5.225836,5.479937,4.7944884,1.3701816,5.719052,7.389576
-1.6584111,-7.352577,1.727466,-4.862162,-6.3623085,1.2734656
1.2615281,7.2800937,1.3507125,1.9029717,5.228694,0.9693403
-0.21445209,2.7267635,2.1414113,-1.821542,2.257038,1.896315
-0.08261721,-2.6396565,-0.968376,-0.060201257,-2.6417623,0.72551924
3.191241,0.2608421,4.5959544,2.3005643,2.2415972,5.9600463
1.3798383,-2.3562288,0.42296067,-1.4209385,-1.7652637,0.35522375
3.805349,0.33499905,2.5101805,1.7863823,0.1442877,4.123042
2.1863346,-2.3327873,2.4452198,2.7930183,-2.4555786,4.0431356
-0.26274067,4.9106936,-4.185325,-0.19933982,3.6156757,-4.231439
-2.0927055,-3.304421,-6.034678,-1.4982305,-2.385244,-6.3277626
-0.24625576,-4.34742,-2.5000901,-2.6274915,-2.1521964,-1.687299
0.2994601,1.1667805,-1.0849454,0.6383931,1.5293629,-0.36182296
-0.98652345,2.191977,-2.1871114,-2.0121863,0.7652218,-3.3538873
1.3048198,-4.429936,-0.039466843,0.69832134,-4.1336617,1.5860285
0.8006509,1.7351538,5.187813,-5.466907,5.7329245,4.384748
4.7508373,0.9700972,-4.8415976,2.9245799,1.2581236,-4.1069555
1.3537037,-3.3743787,2.5474854,0.6133132,-4.4020863,3.990303
-2.348016,2.4132588,7.4519596,-3.3031564,4.9121904,7.720717
-3.4978967,-1.0785207,-4.8867464,-8.010054,-1.2316488,-2.9938078
4.5043063,1.831729,1.080404,2.6623507,2.6017158,2.952737
6.1642437,-2.8544571,-3.2902613,5.945631,-2.449135,-4.0129833
1.3934424,2.15496,-1.0149395,6.5786686,2.2959337,-0.31845206
-4.7213025,-0.56435686,4.4544973,-4.4725647,-0.41076037,4.1866236
-1.1238405,8.185721,-4.0656853,-0.6969128,6.5917764,-5.268057
-0.07153171,0.7418706,3.0804052,-1.8111775,-0.32192478,3.4957945
2.234043,-1.6300716,-0.91717595,0.11981507,0.38782582,0.098263
-2.487945,4.3641715,2.4834523,-5.390651,2.4265842,-1.4923813
-3.823408,-2.5710142,-0.21216035,-2.9521704,-0.71706676,1.3909345
5.199025,4.0728407,3.2729478,1.7008979,3.2750292,4.93053
-2.0034862,2.050828,-4.2932916,-5.032993,0.6731207,-4.2249217
3.3377087,-0.0205352,0.2846532,1.7468508,2.3648005,2.5365412
1.1690781,2.4729517,3.7715724,-1.305171,2.1643972,3.2738156
1.8674452,0.2357457,-4.7578697,1.911154,-0.109229475,-4.8558593
0.9200282,-3.733524,-4.593276,0.8810192,-1.3095595,-4.004707
-2.2721927,-2.3256495,-3.8473442,-0.74553114,-0.30374727,-3.0015206
-2.3623478,-0.9625434,4.354051,-1.6261191,-1.246601,5.9236703
1.1805075,2.9545536,5.673243,-1.4132073,2.1124156,5.0936494
0.038895838,-0.121415325,-1.8961732,-1.9711801,-0.4057581,-2.639441
-4.8826776,-0.15723582,-3.7312582,-6.5362706,-1.1882842,-2.8566666
-0.58858865,-1.4787941,2.5320365,-0.85279316,-1.2715459,2.8936048
-5.77746,5.7960334,6.0114574,-5.0605917,6.030625,4.6819243
-4.374341,-0.24127065,-0.8391499,-4.496743,-0.56511134,0.30406854
1.5176504,-3.4317012,-2.5166445,0.7034214,-1.9237909,-1.3247956
-5.5034795,-4.81169,5.1014476,-5.317953,-4.35151,4.39477
-2.47283,3.0850623,8.498152,-5.2475705,3.4119124,7.7323747
2.9654531,-8.597918,2.948411,1.5630741,-10.114671,2.7482216
-4.5885797,-1.9182335,-6.370348,-4.5957246,-1.208602,-6.1852365
-0.08168821,-0.59712595,-1.3795356,-1.6016829,-1.0832056,-0.4000063
1.3377987,3.7243261,3.0529344,-1.3462945,3.0126855,3.207239
5.1305437,-7.530692,-7.1169715,2.5408723,-4.882546,-7.4232345
8.072684,-2.9180813,-5.172792,6.4753814,-0.88553995,-4.4999413
0.9067029,-3.882808,-0.7473108,0.92354476,-3.7062383,1.9687153
2.4934874,3.5260885,-0.6631571,0.84996104,2.6175547,-1.2080349
1.599042,-4.131288,-1.8022469,0.83331174,-2.121363,1.0674244
0.32670394,-7.3754697,0.47768623,-1.3095266,-7.618644,0.38632536
5.9741607,-8.592282,1.4430107,3.0132115,-10.271233,1.6495997
2.5406437,2.4574516,-1.1565473,2.2418115,3.0908144,0.9104776
3.3909597,-4.196027,-1.7597,0.3780037,-1.974555,0.74458367
0.1015556,-4.6546745,-2.1032305,-2.9517846,-2.9389725,-1.6020043
0.64405155,-2.2260127,-1.6316044,-0.23810111,-1.778268,0.01947116
-3.9064155,3.0445695,-2.1854591,-5.8599954,-0.15072824,-1.771963
0.17740028,-5.3503957,3.7904706,-4.983343,-5.006399,2.1304708
-2.9880807,0.02067111,6.652197,-3.2099302,-0.6298887,6.6741157
1.426235,-6.607737,1.730414,-0.791611,-5.509592,2.5348616
-5.693372,-0.20175524,1.8914077,-5.7484083,-0.5726911,1.7574012
-0.34333405,-3.9934697,-3.097878,0.9044622,-2.1780617,-0.081089534
3.0980139,-0.45037368,5.2621717,2.3325233,0.011242602,5.0497255
-0.7053026,-1.8161702,-0.8358026,-4.3197026,-0.19702858,-0.58903116
1.4165456,-0.6178374,-1.2872282,-0.33290806,0.50741297,1.0045308
-4.382298,1.1978484,-0.56601316,-4.694493,-0.4428874,0.6729468
2.9861875,2.9910574,-5.9115744,3.349836,4.111252,-5.2799163
-1.4423087,-1.8287373,-2.8134634,-5.121287,-0.8816944,-0.26786542
-0.7347612,-0.9241558,-6.176696,-1.2609605,1.1178523,-5.0652742
-0.8798613,5.7414837,-2.817972,-2.242338,4.316972,-2.967795
-0.34577525,0.53157437,-1.0514774,-1.4867922,-0.45591173,-0.7520407
-4.2738214,0.8584798,-1.1378472,-4.539905,-1.8470256,-0.89072555
3.0360956,-0.5394562,-3.968953,3.8117197,-0.6588463,-3.7288952
2.7678995,-0.25441244,-0.42435417,1.1255363,-0.12547988,1.0908046
0.29840124,-3.3063633,-1.1022762,-2.5385745,-3.0075889,-0.026188979
4.591854,3.7708466,3.8981447,0.78193223,2.9078457,5.8449965
0.73824745,0.79039,-0.13104586,-1.4514728,0.12150628,0.055285268
5.121537,-6.913892,-0.049665056,3.5106604,-6.749919,2.1295397
-3.9954247,-4.078201,-3.704364,-3.323383,-0.7531964,-2.0579615
0.96169573,7.300318,-1.9190899,0.6532285,6.835472,-3.783717
-2.5513756,-1.1361082,2.796632,-3.1027598,-1.308403,2.4584136
-1.8113271,-3.6678011,3.7982183,-1.7551961,-2.7568069,4.139343
2.6630363,-4.7348437,1.7083023,1.7357775,-3.970903,2.2959933
-5.648086,1.4794192,2.2007315,-5.485627,-1.3453118,0.80311453
3.565866,3.668038,-5.810901,5.571595,3.3801339,-3.3779411
-1.7716639,-9.902245,1.6335007,-3.0877783,-8.492169,0.9871062
-6.8994203,1.5556444,-4.23572,-7.478384,2.2514493,-2.926732
5.2592416,-6.7020936,-0.6156138,3.9106286,-5.46166,1.9177227
0.30199456,-5.724035,-0.3003793,-3.6063764,-4.8471417,0.20465475
1.1761745,-5.224602,3.2617433,-0.07201243,-4.7429013,3.0867875
0.37650767,7.1334634,5.463404,-1.4744323,6.902702,5.112413
1.1569977,1.4593436,-0.15612908,2.4788604,-5.2836223,0.32760143
-4.773573,1.6614399,2.887628,-4.8044205,-0.005350691,2.0591738
1.8170323,-0.17323396,4.6106977,-1.1246675,-1.0725499,3.4134963
-0.47337505,1.6994795,-5.656767,1.1379352,1.9179356,-4.5740943
5.3716063,-5.7153015,1.1602584,3.6617267,-6.054951,2.7182739
2.4237084,0.9559872,-0.46870703,1.5104591,-0.41466498,-0.1432678
0.1637884,-1.035562,5.133974,0.37961575,0.016305713,6.1423554
-3.4371862,6.336343,2.668687,-3.3679764,6.602111,1.8371309
1.5232891,4.7703214,0.05527897,0.5401806,2.27884,-1.5888988
-7.9268336,0.080343895,5.777427,-6.066573,-2.3652494,5.0839043
3.0491676,4.5785537,1.0004393,2.382763,3.388012,2.1649632
7.31424,1.2737927,2.1301153,5.316249,2.5296116,3.3048692
-4.412147,-1.489156,-1.8903877,-4.8527827,-1.0967172,-0.4968336
4.785317,-10.461121,0.27245352,1.6615233,-10.696844,0.19076505
2.3629496,-4.3772206,-0.9570017,1.4984965,-3.6161082,1.0624714
-1.3524872,-3.460237,0.038299866,-2.7893126,-2.2373095,1.4185108
-4.134426,6.3997097,-0.060070783,-3.37904,7.1610055,0.55559075
1.4863042,4.4486513,4.842988,-1.0983272,3.528043,4.4920216
-2.20155,0.37939322,5.3715315,-1.9549166,-0.49079812,5.8789916
-6.8365397,3.8053558,4.775802,-7.220653,3.2494752,3.4291298
4.3163958,-0.6842303,-4.166866,2.0885441,-0.09490694,-3.9963243
1.8211716,3.2985585,-5.8156624,0.60244393,2.441981,-6.5346394
3.04686,-3.1727228,-3.5388317,-2.7405066,1.0785401,-3.9247603
-2.8363087,6.281329,3.7875712,-2.4470434,5.8701916,2.949896
0.72765464,-0.3567272,1.6577342,-0.09526116,-2.1960795,3.4050014
-1.7971171,8.124627,-2.2256992,-0.62889034,6.4598193,-2.4809568
2.0324721,-3.592626,-1.085171,1.346027,-0.8517505,-1.0093365
1.1348842,-1.1528089,-2.8277786,-2.4953675,-0.51608616,-1.4396269
1.4992018,0.74396366,-0.8087553,-3.9852061,0.11691709,0.53260916
-5.3284216,3.5820353,2.1913216,-5.9979954,2.8170679,-0.047782578
-2.312251,1.5161062,-1.0896517,-2.7849414,-0.42938834,-0.5229779
3.47712,-0.31623462,-1.2939702,1.5798432,1.8567668,2.338674
1.005341,-0.85383576,-2.095374,-2.3560617,-0.42420632,1.2802626
3.9766643,-6.0947986,3.350399,5.6132827,-6.0034294,3.3645887
2.1763935,0.40760794,0.65729284,6.0866575,0.017809795,0.08580854
0.31097004,2.5882354,1.5607955,-1.669213,2.0575857,1.4985015
-2.4354413,3.0997977,-3.5066233,-2.4376814,2.0418212,-3.9704454
-2.0982864,-0.736825,-5.307794,-2.5766618,-1.1746345,-4.963926
0.73941714,-2.2653165,3.0648785,0.07280684,-2.958481,5.326646
-1.5777739,4.3138905,-0.929807,-3.6732788,2.882951,-0.5127262
0.81198055,0.2263699,0.12611866,0.056142375,-0.21141402,1.7647886
2.801174,1.2444892,2.345751,1.161945,-0.52687454,4.1895638
0.0027020592,1.2165586,1.2866707,-1.157088,-0.22276296,2.2722669
-6.0112557,-0.89988977,-2.608507,-7.7016635,-0.3046912,-2.120973
2.4692247,-6.4172335,-2.0571308,2.292714,-5.377669,-0.8511349
6.9060388,-7.145552,0.48862457,5.0436625,-8.830086,-1.3697369
-4.7978153,4.3207765,2.0512657,-4.434337,3.3971882,2.2150578
-5.058234,1.7627574,-6.092441,-5.1274753,3.539399,-4.945297
6.948381,7.439821,-0.84152156,6.6514816,7.1784587,0.2866861
1.4502586,-3.3093486,-1.1644185,-0.43773115,-0.55756617,1.8278464
-7.3886433,1.1823055,5.962283,-6.807731,1.1244512,5.293531
2.4934409,0.5948567,0.055560544,0.2222536,0.39111042,0.613329
3.2037532,-0.84542966,-4.8713355,3.2952564,-1.7425022,-5.4293666
2.6111856,-2.0325599,-0.03504049,3.2858002,-1.7262715,1.6525915
0.24504049,0.9353593,2.582194,-0.70579773,0.56699777,2.8123913
6.340393,-4.62523,-0.4875848,6.026716,-5.397006,-0.54281014
0.30827445,1.6518241,4.424471,-1.781226,0.9820528,4.503559
-1.4042029,1.4448408,-1.4981406,-4.4299636,-0.38410065,-3.3675752
-2.2279508,-5.4971294,-4.682792,0.27169052,-4.548355,-4.1019316
-6.139012,1.3980067,2.7846856,-7.898822,-2.4210865,0.1358824
-4.5661044,-0.43834278,1.8106517,-4.397733,-0.7482156,1.8246707
4.0517755,1.9095262,-1.5134729,3.5743778,2.8582962,-0.1341635
-0.2408566,1.5881206,1.0259538,-1.8614799,0.53716725,1.5550525
1.6183321,-2.282155,-3.298041,-2.1971989,1.8373111,-2.49342
-0.073533185,-6.9374027,-1.7286905,-4.1016383,-5.052134,-1.1183391
0.22967325,4.195901,1.7997421,-0.9369955,3.560638,0.9527045
-4.1973276,-1.4421213,-6.199823,-4.709125,-0.6036076,-5.229868
-1.604272,-6.858374,1.8162532,-4.394788,-5.4086084,1.4217488
-0.16197947,7.1747046,-1.0863519,-1.6584154,8.172427,-0.1866428
5.8298526,3.470684,-0.6609357,5.1643233,4.1500406,-0.12156928
1.8743075,-3.878302,1.7447406,-0.33847192,-6.3494306,1.480198
-5.656834,2.5959287,3.6529448,-6.0782056,-2.6157084,2.837925
-4.0993366,-5.4026937,1.7762613,-4.878799,-4.3365436,1.793275
-4.0290275,5.1421156,3.2561998,-4.278303,5.732275,3.0477395
5.8512125,0.45195538,1.7374524,4.899214,1.9175229,4.126586
-1.567097,6.199314,0.5565938,-2.282366,5.1114974,-1.1891857
-3.0793476,5.3470826,2.65257,-2.0566077,7.539492,2.6918256
-0.5061016,0.0051423796,-1.9322742,-4.448799,-0.5658524,-1.5840302
2.3538053,0.8726595,-3.8286943,0.75929224,1.3621122,-3.8555684
-0.017758807,-0.031135589,-1.4144686,-2.1281576,-0.88909745,-1.3417071
-7.9820733,-1.8045535,5.1440754,-6.81879,-2.3585248,3.8530705
1.8530799,-0.62731445,-1.2575305,-1.387569,-0.88645726,-0.8436893
-2.8044813,-0.73035747,-5.3699493,-5.7375693,-1.4651423,-4.813431
6.500746,-0.117722474,-1.4479455,7.2292385,-0.22856243,-1.8597091
-3.1870718,-3.1708841,-4.407907,-2.3112757,-2.2585309,-4.102371
3.6120322,0.67224663,0.38834852,4.69712,0.020991778,0.50701827
2.7363393,-5.4543777,-2.0440524,-2.922142,-2.662919,0.3236649
0.23261748,-4.4332156,-3.1482582,-4.1722026,-1.3475289,0.47701532
1.3317363,1.8209887,0.68727815,-0.618986,1.6938475,0.5160381
4.658047,-0.6229682,-1.0968678,4.6467805,-1.3269308,1.0825503
-6.8714166,-3.2938254,3.3571844,-7.6725655,-3.5881703,1.8759949
-2.2177546,-1.0605695,5.4076505,-2.1999693,-2.127108,5.3997965
0.81689453,0.7404791,6.3637776,-1.9417452,0.18150495,7.3751235
2.4048963,-6.3259654,0.07605452,-0.28658384,-6.0479975,0.16699986
2.3953235,-0.7305336,-0.724047,1.3270664,-0.54047436,2.4169495
1.767138,1.3179259,-1.5605109,2.5949495,-0.18711273,-0.25146693
1.2503059,0.6236873,-0.3159144,0.90530205,0.98229945,1.639019
-6.4663363,0.7711683,1.065328,-7.3915324,-0.8095783,0.12201754
-3.0242267,0.7536559,0.98428255,-4.8128476,0.58264554,-0.13188595
-6.7518435,1.2654241,3.586112,-6.6497555,1.3691664,4.124681
-0.7584454,0.11811335,-0.3421907,-1.8913202,-1.3481385,-0.66403127
-5.912802,0.86064005,-1.7626542,-7.3244195,-1.7416139,-1.2694012
2.1725042,-2.7679765,-0.6175169,0.58618623,-1.677923,0.48214886
-1.5991162,-3.3662276,2.1333497,-2.819948,-3.97058,2.1433372
-0.65696996,5.170502,1.3205643,1.7151616,3.3848996,-0.21006136
6.50793,-1.9063348,2.095644,4.023512,-0.5558418,5.450141
-6.6163673,3.1942337,4.8834534,-6.3434725,3.8651965,5.2207417
2.6850767,3.4502387,3.436336,0.16463618,5.15411,6.367016
-2.355797,-3.9020147,6.1754737,-2.008168,-5.489844,6.080806
-4.6207724,0.32543078,0.04080718,-5.646167,-1.3842071,0.10170939
-3.7635288,-4.0977483,4.269074,-4.5826707,-3.9581528,3.2162702
2.0256464,0.3898328,-2.1684136,1.7562249,-1.673675,-0.97028154
-1.0637797,5.0980277,2.8368435,-5.3669815,7.5528274,1.991523
-7.7499804,-0.4335652,3.3302174,-8.691892,-1.3126849,2.0875077
0.2847219,0.51005775,2.5881107,-1.41929,-0.42794916,3.3458211
-1.7836114,3.411467,0.65753436,-3.2366428,1.5885613,0.17853728
-6.5926604,0.24171098,1.1052086,-8.216297,2.56385,3.6082952
-3.1541672,0.08825923,4.071982,-2.352038,-0.7594888,4.360202
-1.1510613,-9.298972,-2.968629,-1.7497327,-7.3502684,-2.231363
1.2028323,-1.7695416,-1.1926879,2.4135044,-2.4173398,-1.0922511
-2.0156128,0.9949315,1.791883,-0.27121535,1.8172954,0.29007676
6.336784,7.678645,-0.6423391,1.8067046,4.51543,-5.058951
-5.631048,-2.7916691,3.6021297,-5.162386,-4.1126957,3.227216
3.1185358,-8.434529,0.9206215,-1.4624696,-7.2656507,1.3619516
2.3386242,-3.7854643,-0.8224407,2.0118513,-3.4231534,0.96127874
1.316119,-3.408205,-4.203393,1.406009,-2.9162521,-3.6673656
-0.9172027,2.9005504,-1.7030219,-2.8545632,1.4452274,-1.2374539
5.676328,3.016629,-3.870571,3.208359,4.1510916,-2.345307
0.90168333,-3.4652982,-1.9415036,2.0457025,-1.9945531,-0.2167836
1.6457253,-1.5765581,-1.6266078,-4.043133,-1.2030212,-1.0404981
1.9745164,0.34792632,0.35131463,0.9273573,2.0617487,1.464397
-6.761355,-3.3356216,1.371873,-9.001439,-2.8810966,0.8356054
-3.6759596,-0.2896969,-5.4059563,-5.1804705,0.24663475,-4.1281266
1.8476272,-1.7362295,3.1330364,-0.4034632,0.27845252,3.986125
1.7338967,-1.9259843,-3.1727705,2.3629959,-2.4083064,-2.4266784
-0.89148784,-6.940162,2.441428,-3.273415,-6.810607,1.6507356
-3.1368248,-1.3731443,-5.173157,-7.0601854,-1.0603218,-4.275842
-4.1517878,-3.1656668,3.5291,-3.2357466,-0.23966484,5.4375
2.7950625,4.5790606,-1.035316,2.1870592,4.1811376,0.4123074
-0.026687395,-0.38990727,2.5545983,-1.9320343,-2.4085238,1.5932972
-0.77636975,-2.7922406,-2.352609,-2.587627,-2.0617328,0.23668379
-4.534136,-2.9287074,2.7603078,-4.4852457,-2.2405655,2.7676044
4.0491548,5.473102,4.5680604,-0.36506808,6.0630317,6.288371
-2.024128,-1.7758622,-1.8798193,-2.6023083,-1.879583,-0.5177917
-7.1161065,0.8344723,-7.138743,-7.2261066,2.9019537,-5.7970324
2.8195922,-2.3727443,-2.608782,2.0845566,-3.6226933,-0.3154777
-0.20216192,-3.4330468,5.186192,-0.403925,-4.3398743,5.4114738
3.2103636,-3.9317956,3.2995489,3.4405284,-4.159901,3.989407
-2.1484272,2.519012,-5.281102,-2.8384807,0.54935324,-5.4688745
-7.593115,0.47864124,3.916796,-7.0637994,-1.1110784,1.4553015
1.1634425,4.2191525,6.6758595,-1.1988244,4.965967,7.998057
-2.5006027,1.5985292,8.204947,-3.549506,0.89122885,8.24477
4.2314887,1.3700294,0.43931302,8.252069,2.2402558,-2.6849766
7.9212575,-0.9294337,1.3543723,3.612917,-0.6630597,3.3485987
-1.262723,-7.39946,-4.1690583,-0.4414023,-5.3631835,-3.6953669
1.552975,-0.14423527,-2.604342,0.8268697,-1.7827688,-2.019443
0.41327542,2.7752345,7.7478943,-2.990419,1.6493356,7.11701
5.292179,2.0957718,1.2599567,4.1597276,2.779555,1.844376
-0.9981047,2.5871081,0.7280565,-0.16601883,1.7520679,-0.10798138
3.0436032,-1.8178759,0.08802716,4.523875,-1.2121388,0.485135
3.3107285,-8.123709,-3.3962836,3.2010043,-6.766843,-4.3999543
3.2163606,-2.576119,0.28382203,7.4984756,-0.6623263,-2.2456841
1.9127082,0.012984162,-1.7307388,1.3037153,1.3974578,0.19785085
-6.942439,0.21995498,-0.14734063,-8.116837,-1.1698565,0.004588818
-2.8799775,-3.570401,1.1210341,-4.5579324,-3.2431924,0.9864754
-4.7732544,4.155861,7.011887,-5.4157705,4.3288713,5.3745937
-0.25330174,0.591355,-1.6852474,-0.83870476,-2.7308028,-0.27074373
0.14023985,4.9738107,-4.067928,-1.1367173,3.4557881,-4.122053
-3.8504777,0.033700053,-2.9349623,-5.4606957,-1.4644569,-2.1438863
-2.3823173,-6.8346796,4.2445383,-1.2709934,-6.351875,4.4866776
-2.4022896,-0.6740436,2.365827,-3.8020492,-1.5358602,1.6108763
-2.6179113,0.93634623,-0.8188307,0.052492965,-0.3180647,1.2456012
-6.4526253,3.1988533,2.378595,-7.525797,1.8534976,1.553579
-1.3074925,2.7640634,-0.8774076,-2.652893,0.52746016,-1.2839514
-5.5888643,-1.3545816,-4.2625513,-7.5628943,-1.543686,-3.3606882
-0.393714,-3.6452649,3.179588,0.3691398,-3.7490118,4.2731953
3.4667969,-3.5163486,0.51756346,0.76528656,2.0832987,3.4788837
-2.5138977,4.504476,-3.1176798,-3.386727,2.723334,-4.1855826
2.487643,-0.025689948,-0.69661003,1.5838858,0.10483473,2.51119
1.1932764,-1.7431909,-4.1303496,1.2496855,0.1061703,-3.3310454
-5.048689,2.6127844,3.1213574,-5.3701468,3.6069367,4.323893
-3.4750338,2.8014152,2.050724,-3.2474983,2.727642,2.8979473
6.9934235,-3.4188693,-0.7116507,6.6989207,-5.2891035,-0.9483588
-1.0050598,-5.566585,0.50163144,-0.32608604,-2.8630464,3.397743
5.1567426,-2.044454,-0.40497944,5.4578094,-2.334834,0.8356625
-3.47079,-8.051148,-3.0554564,-4.762242,-3.5718665,-1.4526559
-3.454994,-2.476433,-5.281399,-1.96939,-2.1054554,-5.8043337
4.1696696,0.10594342,3.84288,1.5417286,0.0025643571,5.531526
-2.8410864,5.9932976,0.6462952,-3.8064625,6.6669393,0.21337064
0.96554536,-2.0264916,1.753926,-1.8799224,-2.315161,1.5927588
5.3156133,-1.709193,-0.24048358,6.628603,-0.62430155,0.17374076
-0.5486714,-1.8370117,-6.8566055,1.1376741,-3.4840603,-6.147295
1.8690699,-0.9182823,-0.6546566,0.18016678,0.95516235,2.4924102
0.7893261,-6.304089,-3.1031706,-3.8373287,-2.4010203,-1.5159053
-0.08529974,2.419306,0.14818938,-0.71306133,1.0204191,-0.13255905
1.3344506,-2.982779,-0.8972866,-1.7727194,-0.8684775,0.9247378
2.0360782,-2.362548,-1.6823845,2.3494437,-1.722593,1.128886
2.044096,-1.1982535,-1.1692684,1.1991863,-0.14938489,2.158929
-3.7461596,6.0281863,7.173461,-5.3678703,5.7550507,4.0409226
-5.166712,0.1926151,2.7033248,-6.0038614,-1.280538,0.8135236
0.2382658,3.3212578,-0.49554312,-0.54990333,2.2047021,-1.7486066
6.8941383,2.719551,3.9039762,8.567062,1.2078357,0.92945886
-0.29469338,-8.4520645,-1.1769822,-6.7543335,-3.227802,-0.46486187
-0.2789246,-2.7212796,-1.1001819,-5.824634,-3.35883,-0.3862591
5.4862514,2.1765425,-1.30578,2.3271794,4.395662,0.3015243
-5.5762367,3.9169178,3.3968344,-6.0985785,1.0792378,1.8989495
-3.2906988,0.50456595,-2.5735922,-5.638081,-0.026075423,-1.9484936
-3.93011,-7.515293,4.0204935,-2.9969478,-6.309357,4.3977594
3.3235426,1.423121,0.15801951,2.2909992,1.7523079,2.344002
-1.247877,-1.2259924,-7.5157237,-1.1063149,-1.4514198,-7.5593667
1.8653971,0.9920606,-0.49156785,0.8564801,-0.21041012,1.3623725
-0.8842458,2.049104,0.15619273,-2.7211773,1.2116373,-0.6622823
-1.3451995,-1.0753341,3.3535397,-1.8712935,0.25085086,3.0149703
4.129181,3.3479974,5.3442206,-0.90491897,2.2021718,6.700532
5.925317,-0.4778266,4.8287783,2.4654891,0.16876727,6.83436
-0.7147174,-5.7581015,-4.710802,2.3134658,-5.7028856,-4.7316446
2.9549234,-4.2104506,-1.6920049,-1.965245,-1.7829074,0.5276648
0.34270138,3.265743,-4.0010815,-1.5312718,1.8349427,-5.02012
4.344965,-0.444718,-1.988963,3.8152664,0.26424873,-0.9535261
0.8577792,1.6016887,-1.408084,0.3885966,0.5752909,-1.4792181
0.5406344,-0.6513888,-1.9936653,0.36292744,0.9267495,-0.051024996
2.254321,5.0137362,-3.3446336,0.6069075,2.9543068,-4.5309
2.448905,1.9406011,0.2869115,1.9345009,0.5865912,3.06905
-4.552504,3.6043937,2.9511795,-5.1926703,4.050473,2.7925565
-1.5198345,4.440091,5.836023,-1.8459201,3.6100097,5.607366
-2.1389723,-3.9727507,2.1734378,-3.3343656,-2.8901393,2.5874102
-2.3608747,7.588766,-2.299747,-3.2844193,5.39079,-5.023673
-3.7744124,2.9726326,1.5360523,-4.505178,1.192337,0.74051255
0.99240017,-0.8294553,3.1381962,-0.20939544,-2.8522613,0.6567576
6.6076145,-6.5231233,2.2362583,6.037543,-6.8677034,3.308595
0.74343467,0.7262231,1.6096059,-2.104248,0.14439505,1.6029948
-0.69629854,-1.3685087,-2.2080348,0.567871,0.4107845,-0.21053882
3.425587,0.721791,4.622967,-0.51890147,1.1429257,5.3942976
5.5154395,-5.4359636,-0.12800527,4.8310523,-5.62131,0.7180202
0.5502208,-3.1687407,-0.2644962,1.8798748,-3.0859997,0.31586733
-0.33636954,0.11838697,1.0154673,2.25274,-0.8146629,-0.6516863
3.3221633,-5.577305,-1.0703071,1.8743122,-5.1411138,0.27984804
-2.133093,5.8742785,-1.366513,-3.1775534,6.906744,-0.5565298
1.1546416,-3.5909915,-1.6571871,0.9725244,-3.4036992,0.12210899
0.4100159,0.18368107,5.52376,-1.3260047,-1.0721217,6.014633
-6.136009,2.2988815,5.242207,-4.2768044,-0.41578624,2.2841353
0.5170248,0.9488566,6.470708,-2.6454399,0.68805534,7.7613597
-2.6176019,1.5787838,2.2511249,-1.8040936,1.5408272,2.1627429
0.5606064,2.102071,-4.5826526,-0.15316571,0.30354348,-4.9942174
5.1455793,-3.9758043,-0.062184274,4.5236316,-4.0793495,2.0476396
-2.7031481,1.9979686,0.020948859,-4.286198,1.0802224,-0.42900616
-0.61179644,1.6141376,-1.2980402,-3.434925,-0.52846205,-1.8807961
-0.6326953,-0.10502223,-2.436525,-5.2546453,-1.9312557,-3.6137686
-4.9153614,6.234061,-0.7951241,-5.3878083,5.940219,-3.1183522
-2.084093,-0.2848581,-0.5514314,-1.0479033,1.031795,-0.7146225
-3.7963386,0.3674966,7.2201486,-3.8915415,-0.39917427,7.29126
-1.1141896,-4.130296,-5.772942,1.2029854,-4.874913,-4.902172
2.1998312,-0.43563175,0.08280193,0.126359,0.75007576,0.639587
-1.9383957,-3.3182738,2.1257093,1.3372189,-0.81114286,3.342814
1.688955,-1.8861685,-1.4956897,-0.5457558,0.25317052,1.9001298
-1.1034,2.7997704,-2.5381434,-1.6600007,2.14335,-3.7113574
-3.4623916,-6.4040184,-2.5553594,-7.6828685,-2.6615903,-1.4464564
-0.55211496,5.518366,-2.963853,-1.0403584,1.4543774,-4.5335455
1.4392245,1.9009185,0.73736733,1.6340567,1.8148628,1.424617
-3.7320883,-0.954655,-4.0450435,-0.98862803,-1.51508,-3.59813
2.3138745,-6.517181,-1.3148068,-0.0070933895,-4.5213737,-1.1120571
-0.9881929,-0.51730865,2.088484,-2.1154685,-0.7513935,1.5717876
-4.0621796,-0.77759796,1.4373348,-4.7942686,-0.7865359,1.284574
6.8978815,-3.9765317,-3.737853,5.054568,-2.6730134,-4.178217
0.98486674,-3.1739852,-1.8490798,-2.1763902,-1.6547048,1.4992317
-2.2124922,4.340749,-1.7048156,-2.5857499,2.3561866,-1.4066662
0.822219,2.522069,-4.3108616,-0.6867285,0.38740358,-4.296127
-3.7764075,0.94864935,-7.425187,-5.13486,0.9741846,-5.97748
1.8610481,0.3294691,-0.3103107,-3.1631312,-1.8976893,0.9192365
-1.2127128,7.735582,3.534163,-2.3498409,5.5440235,0.41656956
2.2476068,-0.51768094,0.45639554,-1.0463569,-0.24408865,0.5348823
4.795411,-7.380267,-0.1888921,2.4940414,-7.098964,1.7387717
-2.3495166,-2.6693695,2.6115863,-2.298009,-0.5452501,1.8202666
-0.108864926,-0.48007238,3.2701106,-1.7686341,-0.9081133,3.1232388
2.5199265,4.1631002,5.318785,-1.1118566,4.322872,6.9635324
-1.606421,-8.2319975,-1.0766337,-5.939344,-3.8840408,-0.07964258
-3.7516985,-2.678209,-3.5565372,-6.255705,-1.1572154,-3.3041391
-4.610401,-2.5411057,-2.9438407,-8.01262,-0.04077185,-1.1325761
-3.4436047,2.5656636,-0.43265823,-1.7863444,1.2105092,-0.70559984
-3.9623811,4.0235443,3.6248238,-2.5809526,1.4883913,1.6324738
1.9695578,-7.7872114,-2.9655688,2.7012722,-5.345471,-2.9277697
-1.633762,-0.3611233,-3.3272142,-3.6680014,-2.335518,-3.996702
-0.82930994,-9.342558,1.3895546,-4.6908307,-6.7777495,2.9549372
-1.7082299,4.357159,6.9949512,-3.8230553,4.498349,5.8233414
-3.3083794,-5.318093,-2.9400709,-5.515614,-4.385129,-2.473675
0.9008013,1.5722253,-1.0357994,-1.1388263,0.449636,-0.5081938
2.5999143,-3.2690518,0.34095475,-1.2872033,-3.1377418,0.6233008
0.64346814,0.86275744,6.131476,-3.7418427,-1.3703809,4.6744175
-0.7221801,3.6100135,-0.59203565,-1.830816,1.3383034,-1.6282179
-2.4474225,-3.0997515,-4.8765883,-1.787722,-3.3333077,-4.477351
-4.585073,4.5064073,5.363057,-3.5642405,2.370022,3.9441364
-4.3234982,-2.1492424,-5.6208987,-6.3344965,0.27311262,-2.2575448
2.918116,-6.5329795,-0.9831326,1.9070853,-4.908486,1.4626235
0.92347115,-5.8162856,-2.8989973,-1.1078387,-2.1009872,-1.2692416
-6.2336745,1.0476754,6.875441,-4.149075,-2.6076114,7.3296933
-1.2961468,0.7413404,0.77029395,0.77791476,3.046721,-1.0068425
-0.12659292,-5.704728,-4.9590044,0.35363823,-2.7998254,-4.6448207
1.1304736,5.398979,0.2050997,-0.41830915,3.4818068,-1.3030332
2.8910928,5.412325,-4.27744,2.5509381,5.883056,-4.5161333
